Data taken from https://www.sustainablejersey.com/fileadmin/media/resources/Data_Center/Community_Profile_Data_by_Municipality_3.12.25.xlsx ,,,,,Population Characteristics,,,,,,,,,,,,,C&I Properties,General Housing Characteristics,,,,,,Units by Year Structure Built*,,,,,,,,,,Units by Structure Type,,,,,,,,,Occupied Housing Units Primary Heating Fuels,,,,,,,,,Vehicles Available by Occupied Household,,,,Means of Transportation to Work,,,,,,,
Municipality,County,ACS Year,Square Miles,Residential Density (Housing Units / Sq Mile),Population,% White,% Black or African American,% Hispanic or Latino Origin*,% American Indian and Alaska Native,% Asian alone,% Native Hawaiian and Other Pacific Islander alone,% Some other race alone,% Two or more races,Median Household Income,Percent of Population in Poverty,NJ DCA MRI Score*,NJ DCA MRI Rank*,Commercial & Industrial Properties,Total Housing Units*,Total Occupied Housing Units,% Occupied housing units,% Owner-occupied,% Renter-occupied,<75% Occupied*,2020 or later,2010 to 2019 *,2000 to 2009,1990 to 1999,1980 to 1989,1970 to 1979,1960 to 1969,1950 to 1959,1940 to 1949,1939 or earlier,"1-unit, detached","1-unit, attached",2 units,3 or 4 units,5 to 9 units,10 to 19 units,20 or more,Mobile home,"Boat, RV, van, etc.",Utility gas,Electricity,"Bottled, tank, or LP gas","Fuel oil, kerosene, etc.",Coal or coke,Wood,Solar Energy,Other fuel,No fuel used,No vehicles available,1 vehicle available,2 vehicles available,3 or more vehicles available,Total Workers 16 Years and Over,"Car, truck, or van -- drove alone","Car, truck, or van -- carpooled",Public transportation (excluding taxicab),Walked,Other means,Worked from home,Mean travel time to work (minutes)
Aberdeen Twp,Monmouth,2023,5.4,"1,501","19,274",63.00%,9.10%,14.10%,0.00%,8.40%,0.10%,1.70%,3.60%,"$124,074",4.10%,25.1,360,178,"8,104","7,956",98%,71%,29%,,90,"1,039",534,597,"1,054",766,"2,279",775,261,709,"4,865",785,145,375,435,535,949,15,0,79.90%,15.30%,2.30%,1.20%,0.00%,0.00%,0.00%,0.20%,1.00%,350,"2,511","3,509","1,586","10,810",72.00%,4.30%,8.50%,0.60%,1.80%,12.80%,34.2
Absecon City,Atlantic,2023,5.5,683,"9,099",65.90%,10.20%,15.20%,0.00%,5.60%,0.80%,0.00%,2.40%,"$77,516",8.70%,38.2,120,189,"3,759","3,559",95%,73%,27%,,198,281,579,239,435,235,439,491,314,548,"2,601",390,79,75,59,180,363,12,0,78.80%,13.60%,1.00%,5.70%,0.00%,0.00%,0.40%,0.00%,0.50%,56,"1,396","1,527",580,"4,384",81.70%,5.80%,2.90%,1.20%,0.10%,8.40%,19.2
Alexandria Twp,Hunterdon,2023,27.5,68,"4,815",87.90%,5.50%,2.60%,0.00%,1.30%,0.10%,0.00%,2.70%,"$156,797",5.70%,21.1,448,36,"1,863","1,806",97%,92%,8%,,0,25,248,457,316,236,145,73,37,326,"1,806",0,0,0,0,0,57,0,0,6.10%,4.70%,28.30%,57.80%,0.00%,1.80%,0.00%,1.20%,0.00%,28,266,893,619,"2,076",64.20%,5.30%,0.00%,0.00%,0.00%,30.50%,39.9
Allamuchy Twp,Warren,2023,20,125,"5,373",84.40%,7.50%,6.10%,0.00%,0.80%,0.00%,0.00%,1.30%,"$130,170",3.60%,20.9,460,19,"2,501","2,439",98%,86%,14%,,0,391,341,240,494,739,180,8,58,50,988,"1,150",0,203,160,0,0,0,0,79.20%,8.10%,1.60%,8.70%,0.00%,1.70%,0.00%,0.70%,0.00%,35,659,"1,251",494,"2,771",75.20%,2.40%,2.90%,0.00%,1.60%,17.90%,42.1
Allendale Boro,Bergen,2023,3.1,808,"6,820",74.30%,0.90%,2.40%,0.00%,17.00%,0.00%,0.00%,5.40%,"$156,992",3.30%,20.1,477,64,"2,505","2,332",93%,77%,23%,,0,216,55,413,252,150,439,498,42,440,"1,767",203,38,12,14,0,471,0,0,90.50%,3.10%,1.40%,5.00%,0.00%,0.00%,0.00%,0.00%,0.00%,184,427,"1,175",546,"2,837",54.60%,1.80%,11.40%,0.70%,0.60%,30.90%,38.3
Allenhurst Boro,Monmouth,2023,0.3,"1,123",387,76.50%,1.00%,10.30%,0.00%,1.00%,0.00%,0.00%,11.10%,"$96,500",5.70%,25,362,28,337,168,50%,52%,48%,Yes,0,7,7,13,9,19,17,12,45,208,263,7,17,11,11,26,2,0,0,79.20%,17.90%,0.00%,0.00%,0.00%,0.00%,0.00%,1.20%,1.80%,5,93,52,18,196,76.50%,5.10%,4.10%,3.10%,1.00%,10.20%,29.3
Allentown Boro,Monmouth,2023,0.6,"1,202","1,926",83.20%,6.70%,5.40%,0.00%,1.90%,0.00%,0.00%,2.90%,"$134,583",3.60%,24.6,378,40,721,683,95%,78%,22%,,0,0,14,67,17,131,42,154,76,220,583,29,26,16,33,30,4,0,0,76.40%,13.50%,0.00%,7.80%,0.00%,0.00%,0.00%,1.90%,0.40%,18,153,314,198,"1,040",75.90%,4.10%,0.50%,1.80%,0.00%,17.70%,30.8
Alloway Twp,Salem,2023,33.5,40,"3,292",85.30%,6.90%,3.20%,0.00%,0.00%,0.40%,0.40%,3.80%,"$120,227",1.10%,28.8,267,35,"1,330","1,262",95%,89%,11%,,0,139,128,314,110,132,78,79,51,299,"1,299",0,0,0,0,0,8,23,0,2.30%,12.00%,20.60%,46.00%,0.00%,10.60%,1.80%,3.70%,2.90%,30,177,701,354,"1,671",83.50%,3.90%,1.30%,0.70%,3.10%,7.60%,32.8
Alpha Boro,Warren,2023,1.7,601,"2,249",82.40%,1.40%,8.60%,0.00%,1.50%,0.90%,0.00%,5.20%,"$83,125",7.00%,33.9,177,68,"1,022",983,96%,73%,27%,,0,0,64,32,75,110,196,191,54,300,660,130,92,43,15,26,49,0,7,64.80%,7.00%,1.60%,25.40%,0.00%,0.00%,0.40%,0.00%,0.70%,41,270,428,244,"1,202",77.60%,10.10%,0.10%,2.10%,0.00%,10.10%,24.2
Alpine Boro,Bergen,2023,6.4,93,"1,503",58.80%,4.60%,3.80%,0.00%,29.00%,0.00%,0.00%,3.80%,"250,000+",3.30%,17.2,523,18,593,517,87%,93%,7%,,0,51,61,57,167,67,77,30,38,45,556,14,7,0,8,0,8,0,0,84.70%,9.70%,0.80%,4.30%,0.00%,0.00%,0.60%,0.00%,0.00%,12,98,214,193,643,65.60%,12.90%,4.50%,1.90%,0.20%,14.90%,32.2
Andover Boro,Sussex,2023,1.3,230,716,80.60%,0.00%,3.60%,0.00%,0.00%,0.00%,0.00%,15.80%,"$78,750",4.90%,34.3,169,58,299,274,92%,60%,40%,,0,0,0,20,0,39,72,39,7,122,209,0,35,37,18,0,0,0,0,4.70%,9.90%,15.30%,61.70%,0.00%,7.70%,0.00%,0.70%,0.00%,3,104,59,108,423,72.80%,12.30%,3.30%,0.50%,0.00%,11.10%,38.7
Andover Twp,Sussex,2023,20,114,"5,871",88.90%,1.00%,4.50%,0.00%,2.30%,0.00%,0.30%,3.00%,"$123,333",8.00%,28.5,280,144,"2,288","2,188",96%,92%,8%,,0,15,196,336,324,361,269,507,108,172,"1,987",126,13,15,108,10,29,0,0,14.60%,18.40%,11.00%,50.60%,0.00%,2.70%,0.00%,2.70%,0.00%,71,450,967,700,"3,036",75.20%,5.80%,0.70%,0.60%,0.50%,17.20%,35.8
Asbury Park City,Monmouth,2023,1.4,"6,322","15,239",41.00%,27.90%,24.70%,0.20%,1.90%,0.00%,0.30%,4.00%,"$71,080",18.80%,51.4,37,347,"8,851","7,668",87%,29%,71%,,7,700,521,262,"1,033",732,"1,047",859,321,"3,369","2,194",550,830,916,766,899,"2,636",60,0,56.80%,34.40%,2.00%,1.80%,0.00%,0.00%,0.00%,1.80%,3.10%,"1,347","3,525","2,260",536,"9,160",60.60%,8.30%,5.10%,6.40%,4.80%,14.90%,25.7
Atlantic City,Atlantic,2023,10.8,"1,859","38,486",15.70%,31.30%,32.40%,0.20%,16.20%,0.00%,0.40%,3.90%,"$36,220",33.90%,80.9,5,"1,514","20,075","16,527",82%,30%,70%,,49,562,892,"1,582","3,200","1,823","2,497","1,829","1,291","6,350","3,298","3,465","1,649","1,431","2,099","1,486","6,562",79,6,62.00%,32.00%,1.60%,1.40%,0.00%,0.40%,0.10%,0.50%,2.10%,"6,877","6,174","2,829",647,"14,737",44.80%,8.30%,20.70%,16.00%,4.30%,5.90%,23.7
Atlantic Highlands Boro,Monmouth,2023,1.3,"1,603","4,409",88.30%,0.70%,5.90%,0.00%,1.20%,0.00%,0.70%,3.30%,"$125,438",4.30%,23.6,393,96,"2,084","2,023",97%,71%,29%,,0,133,188,112,123,151,349,315,110,603,"1,354",50,70,107,63,75,365,0,0,77.40%,11.40%,0.90%,5.60%,0.00%,0.00%,0.60%,2.00%,2.10%,92,813,808,310,"2,234",54.40%,2.20%,14.50%,0.00%,2.30%,26.50%,38.8
Audubon Boro,Camden,2023,1.5,"2,301","8,699",90.40%,2.00%,3.70%,0.00%,0.40%,0.00%,0.30%,3.20%,"$116,900",2.20%,27.4,307,155,"3,451","3,312",96%,76%,24%,,0,25,19,36,95,141,183,598,313,"2,041","2,451",165,468,59,6,51,251,0,0,78.00%,12.60%,0.40%,8.40%,0.00%,0.00%,0.10%,0.30%,0.20%,191,775,"1,740",606,"4,746",70.50%,2.50%,5.70%,2.80%,0.50%,17.90%,26.1
Audubon Park Boro,Camden,2023,0.2,"2,725",979,93.60%,1.10%,1.00%,0.00%,0.00%,0.00%,0.00%,4.30%,"$53,333",13.10%,45.2,56,0,545,538,99%,11%,89%,,0,0,0,0,0,0,9,40,461,35,3,512,21,9,0,0,0,0,0,87.90%,10.00%,0.40%,1.70%,0.00%,0.00%,0.00%,0.00%,0.00%,81,268,123,66,504,88.90%,4.80%,0.00%,3.40%,1.40%,1.60%,21.2
Avalon Boro,Cape May,2023,4.3,"1,262","1,478",93.40%,0.10%,2.90%,0.00%,1.60%,0.00%,0.00%,1.90%,"$143,482",3.70%,17,526,152,"5,427",775,14%,95%,5%,Yes,88,714,"1,034",498,"1,156",846,533,181,124,253,"3,682","1,198",81,76,137,46,207,0,0,77.50%,20.80%,0.00%,0.00%,0.00%,0.00%,0.80%,0.00%,0.90%,9,357,286,123,561,55.40%,3.00%,0.70%,3.70%,7.00%,30.10%,28.7
Avon-by-the-sea Boro,Monmouth,2023,0.4,"3,135","1,801",92.80%,0.10%,4.40%,0.00%,0.80%,0.00%,0.00%,1.90%,"$109,113",6.40%,24.9,365,52,"1,254",878,70%,66%,34%,Yes,18,48,84,53,41,153,119,93,91,554,860,71,74,36,19,49,145,0,0,84.50%,14.00%,0.70%,0.30%,0.00%,0.00%,0.00%,0.00%,0.50%,38,383,306,151,957,65.70%,1.80%,1.80%,3.80%,6.70%,20.30%,29.2
Barnegat Light Boro,Ocean,2023,0.8,"1,591",473,79.70%,0.00%,1.90%,0.00%,16.50%,0.00%,1.50%,0.40%,"$104,583",3.70%,18,515,43,"1,273",205,16%,92%,8%,Yes,16,62,188,119,217,142,242,193,28,66,"1,186",7,35,6,18,7,14,0,0,86.30%,10.20%,0.00%,3.40%,0.00%,0.00%,0.00%,0.00%,0.00%,6,47,95,57,111,46.80%,20.70%,9.00%,6.30%,0.00%,17.10%,46.6
Barnegat Twp,Ocean,2023,34.2,321,"24,731",85.20%,2.70%,6.70%,0.00%,1.20%,0.20%,0.20%,3.90%,"$89,301",7.70%,33.8,179,228,"10,985","9,987",91%,89%,11%,,376,"1,422","3,143","1,428","1,195","2,623",262,132,60,344,"9,352",463,100,104,186,95,188,497,0,81.10%,8.10%,1.40%,8.40%,0.00%,0.00%,0.90%,0.20%,0.00%,300,"3,145","4,347","2,195","10,284",80.50%,7.40%,0.30%,0.70%,1.10%,10.10%,27.8
Barrington Boro,Camden,2023,1.6,"2,184","7,047",84.40%,3.10%,3.90%,0.00%,3.60%,0.00%,0.20%,4.80%,"$84,334",6.10%,30.4,235,93,"3,495","3,459",99%,52%,48%,,0,14,103,320,225,219,830,"1,143",242,399,"1,947",0,280,220,162,74,812,0,0,63.00%,26.20%,1.00%,7.50%,0.00%,0.00%,0.00%,0.80%,1.60%,415,"1,264","1,394",386,"4,104",75.60%,4.90%,1.80%,3.50%,0.00%,14.20%,27.7
Bass River Twp,Burlington,2023,75.1,5,844,87.60%,1.00%,5.90%,0.00%,0.20%,0.00%,3.40%,1.90%,"$80,000",8.20%,44.3,66,40,401,342,85%,89%,11%,,0,17,31,28,71,114,17,41,2,80,353,3,0,0,0,0,0,45,0,28.90%,15.80%,11.10%,26.00%,2.30%,7.30%,0.00%,0.00%,8.50%,4,70,138,130,362,77.10%,5.20%,0.00%,0.00%,12.70%,5.00%,47.6
Bay Head Boro,Ocean,2023,0.6,"1,748","1,201",93.80%,0.00%,1.40%,0.00%,2.00%,0.00%,0.00%,2.80%,"$145,417",4.60%,19.7,481,36,"1,049",538,51%,88%,12%,Yes,25,120,97,42,52,100,67,130,24,392,946,11,26,0,40,26,0,0,0,83.60%,15.80%,0.00%,0.60%,0.00%,0.00%,0.00%,0.00%,0.00%,30,166,210,132,575,63.00%,6.30%,3.70%,6.10%,6.30%,14.80%,27.5
Bayonne City,Hudson,2023,5.8,"5,200","70,468",43.60%,10.60%,31.30%,0.20%,10.20%,0.00%,0.50%,3.50%,"$81,285",14.40%,43.7,70,"1,202","30,161","28,325",94%,37%,63%,,349,"1,670","1,543",857,"1,724","3,366","3,596","3,740","2,475","10,841","4,330","1,868","10,176","3,724","2,910","2,236","4,854",63,0,76.60%,15.60%,1.90%,3.40%,0.10%,0.00%,0.00%,0.50%,1.90%,"6,622","12,924","6,163","2,616","33,853",49.50%,7.50%,20.90%,6.30%,2.40%,13.30%,34.1
Beach Haven Boro,Ocean,2023,1,"2,671","1,096",88.50%,0.10%,10.50%,0.00%,0.10%,0.00%,0.00%,0.80%,"$114,868",5.90%,31,219,112,"2,671",510,19%,88%,12%,Yes,0,145,387,166,596,264,508,220,101,284,"1,894",145,164,156,22,183,105,2,0,81.60%,16.50%,1.00%,0.40%,0.00%,0.00%,0.00%,0.00%,0.60%,16,210,210,74,505,49.50%,2.40%,3.20%,11.10%,2.80%,31.10%,39.3
Beachwood Boro,Ocean,2023,2.8,"1,493","11,002",78.20%,3.70%,14.30%,0.00%,1.10%,0.00%,0.00%,2.70%,"$102,043",5.10%,29.5,257,78,"4,180","3,965",95%,90%,10%,,15,132,118,437,944,"1,112",572,352,260,238,"4,107",37,18,13,5,0,0,0,0,84.30%,3.90%,1.40%,9.70%,0.00%,0.70%,0.00%,0.00%,0.00%,170,755,"1,688","1,352","5,683",90.70%,3.90%,1.00%,0.20%,0.30%,3.90%,33.1
Bedminster Twp,Somerset,2023,26.1,166,"8,227",71.70%,2.00%,11.40%,0.00%,8.90%,0.20%,0.00%,5.80%,"$113,292",4.90%,21.1,445,131,"4,343","4,261",98%,79%,21%,,0,32,159,783,"2,519",148,111,250,94,247,"1,204","1,827",155,116,427,492,122,0,0,60.70%,22.10%,4.40%,12.50%,0.00%,0.00%,0.10%,0.20%,0.00%,31,"2,246","1,168",816,"4,689",68.50%,3.90%,1.10%,3.20%,0.00%,23.40%,30.4
Belleville Twp,Essex,2023,3.3,"4,601","37,756",29.90%,5.30%,53.10%,0.00%,8.20%,0.00%,0.90%,2.60%,"$90,249",10.40%,39.7,111,599,"15,183","14,176",93%,56%,44%,,48,268,472,362,868,"1,969","1,696","1,746","2,380","5,374","6,250",814,"3,101","1,382",802,"1,280","1,530",24,0,76.30%,12.80%,3.40%,5.10%,0.10%,0.00%,0.00%,0.70%,1.70%,"1,381","5,344","4,965","2,486","18,994",70.90%,10.20%,8.60%,2.50%,1.70%,6.20%,32.3
Bellmawr Boro,Camden,2023,3,"1,706","11,678",70.30%,4.30%,13.70%,0.00%,7.20%,0.00%,0.40%,4.10%,"$74,812",9.60%,40.9,99,169,"5,118","4,918",96%,64%,36%,,10,77,43,98,294,464,"1,503","1,430",815,384,"3,059",854,99,117,23,351,558,57,0,77.50%,18.20%,0.00%,2.60%,0.00%,0.70%,0.00%,0.30%,0.70%,392,"2,039","1,670",817,"5,424",79.00%,7.80%,1.00%,2.90%,0.00%,9.30%,23.9
Belmar Boro,Monmouth,2023,1,"3,835","5,861",78.40%,2.90%,16.80%,0.00%,0.80%,0.00%,0.80%,0.30%,"$92,859",8.60%,30,247,143,"3,835","2,791",73%,49%,51%,Yes,0,266,265,169,173,442,505,730,221,"1,064","1,894",273,445,297,130,203,584,9,0,73.10%,22.70%,1.60%,2.70%,0.00%,0.00%,0.00%,0.00%,0.00%,342,"1,135",878,436,"3,380",67.20%,9.60%,3.90%,3.10%,4.50%,11.70%,32.9
Belvidere Town,Warren,2023,1.4,871,"2,526",89.50%,0.10%,7.90%,0.30%,0.60%,0.00%,0.00%,1.60%,"$100,334",9.10%,40.8,102,78,"1,220","1,200",98%,53%,47%,,0,0,19,68,89,107,35,179,99,624,697,47,228,94,51,11,92,0,0,34.80%,12.20%,1.80%,48.30%,0.00%,0.50%,0.00%,2.40%,0.00%,174,461,399,166,"1,405",74.40%,6.30%,0.50%,12.20%,1.90%,4.60%,32.4
Bergenfield Boro,Bergen,2023,2.9,"3,337","28,269",33.00%,8.40%,30.20%,0.00%,26.40%,0.00%,0.30%,1.60%,"$124,083",6.10%,28.8,271,318,"9,677","9,430",97%,71%,29%,,40,367,387,262,501,580,"1,167","3,040","1,637","1,696","6,761",245,"1,068",298,258,394,653,0,0,78.80%,11.90%,4.20%,3.70%,0.00%,0.00%,0.00%,0.80%,0.60%,772,"3,095","3,548","2,015","14,400",71.00%,7.20%,11.20%,1.50%,1.30%,7.80%,32.8
Berkeley Heights Twp,Union,2023,6.2,781,"13,121",67.90%,2.70%,7.40%,0.30%,19.50%,0.00%,0.30%,2.00%,"$198,750",2.00%,15.8,541,139,"4,843","4,660",96%,96%,5%,,35,103,281,593,268,509,"1,170","1,483",179,222,"4,157",423,22,0,48,36,157,0,0,91.70%,4.50%,0.80%,2.40%,0.00%,0.00%,0.00%,0.30%,0.20%,128,971,"2,431","1,130","6,287",58.10%,4.10%,9.70%,1.40%,1.50%,25.20%,36.6
Berkeley Twp,Ocean,2023,42.7,582,"44,222",84.10%,2.40%,7.50%,0.00%,2.70%,0.10%,0.40%,2.70%,"$63,946",8.00%,36.2,138,240,"24,871","21,698",87%,88%,12%,,53,725,"1,899","2,572","7,005","7,362","2,424","1,651",438,742,"23,321",304,130,227,272,419,117,81,0,87.60%,7.60%,0.80%,3.00%,0.00%,0.10%,0.40%,0.30%,0.30%,"1,897","9,179","7,317","3,305","16,351",80.80%,6.20%,1.20%,0.60%,1.50%,9.70%,34.3
Berlin Boro,Camden,2023,3.6,819,"7,503",75.00%,13.00%,5.60%,0.00%,1.30%,0.00%,2.20%,3.00%,"$101,008",5.90%,30.6,228,164,"2,949","2,828",96%,73%,27%,,143,48,498,247,202,448,227,598,202,336,"1,961",343,98,241,152,44,110,0,0,85.60%,13.10%,0.00%,1.00%,0.00%,0.00%,0.00%,0.00%,0.30%,156,"1,057",928,687,"3,862",85.10%,2.30%,1.50%,2.80%,0.00%,8.30%,35.7
Berlin Twp,Camden,2023,3.3,784,"5,909",68.00%,5.70%,15.50%,0.10%,7.20%,0.00%,0.00%,3.70%,"$74,828",7.10%,30.1,242,412,"2,588","2,524",98%,71%,29%,,13,237,126,86,212,528,718,414,18,236,"1,841",204,98,20,68,215,142,0,0,87.20%,8.20%,0.80%,3.80%,0.00%,0.00%,0.00%,0.00%,0.00%,172,726,"1,160",466,"3,186",83.10%,3.80%,0.00%,2.00%,0.00%,11.00%,34.3
Bernards Twp,Somerset,2023,24.2,439,"27,840",64.40%,1.60%,5.90%,0.00%,24.00%,0.00%,0.30%,3.80%,"$182,480",3.20%,18.7,506,167,"10,629","10,318",97%,83%,17%,,10,433,"1,143","2,710","3,334",690,"1,084",630,160,435,"5,761","2,414",61,777,621,486,509,0,0,84.80%,10.60%,1.60%,2.60%,0.00%,0.00%,0.10%,0.00%,0.20%,370,"3,331","4,237","2,380","12,885",63.90%,2.90%,5.00%,0.40%,1.20%,26.60%,32.6
Bernardsville Boro,Somerset,2023,12.8,218,"7,871",82.20%,0.60%,10.70%,0.00%,2.80%,0.00%,0.20%,3.70%,"$231,006",1.00%,16.2,535,181,"2,787","2,653",95%,90%,10%,,17,147,103,266,394,227,399,383,179,672,"2,430",53,109,97,38,46,14,0,0,78.50%,7.10%,0.60%,12.60%,0.00%,0.00%,0.00%,1.20%,0.00%,50,469,"1,444",690,"4,175",60.90%,3.80%,3.80%,6.50%,1.70%,23.30%,27.5
Bethlehem Twp,Hunterdon,2023,20.7,67,"3,753",86.50%,0.20%,9.00%,0.00%,1.30%,0.00%,0.00%,3.00%,"$163,021",5.10%,21.4,435,33,"1,380","1,340",97%,96%,4%,,0,23,174,251,282,292,37,109,7,205,"1,341",28,0,0,0,0,11,0,0,3.80%,4.30%,31.00%,50.40%,0.70%,8.20%,0.00%,1.60%,0.00%,24,157,607,552,"2,113",70.10%,7.30%,0.50%,0.00%,0.00%,22.10%,34.3
Beverly City,Burlington,2023,0.5,"1,886","2,489",52.90%,24.60%,13.10%,0.00%,0.00%,0.00%,0.00%,9.40%,"$92,807",13.40%,43.6,71,57,943,827,88%,74%,26%,,4,13,21,61,41,40,36,253,74,400,641,146,18,83,38,0,17,0,0,64.20%,24.90%,0.00%,9.80%,0.00%,0.00%,0.60%,0.00%,0.50%,83,207,322,215,"1,008",78.50%,8.90%,2.70%,1.00%,2.50%,6.40%,34.5
Blairstown Twp,Warren,2023,29.9,75,"5,725",88.60%,0.90%,7.60%,0.00%,0.80%,0.00%,0.00%,2.10%,"$127,907",3.20%,27.5,302,130,"2,241","2,132",95%,93%,7%,,0,56,171,273,345,541,327,110,38,380,"2,021",59,103,39,19,0,0,0,0,7.50%,18.50%,4.60%,64.30%,0.00%,2.90%,0.00%,2.30%,0.00%,14,458,988,672,"2,890",75.50%,4.90%,0.00%,3.80%,0.00%,15.70%,37.1
Bloomfield Twp,Essex,2023,5.3,"4,097","52,974",39.40%,16.80%,28.20%,0.10%,9.50%,0.00%,1.90%,4.10%,"$98,811",8.80%,32.3,205,704,"21,713","21,096",97%,52%,48%,,60,"1,646",562,491,"1,190","1,220","2,339","3,304","2,650","8,251","9,118",908,"2,937","2,984",455,"1,223","4,075",13,0,76.90%,13.40%,2.00%,5.70%,0.00%,0.00%,0.30%,1.10%,0.70%,"2,152","9,355","6,865","2,724","28,934",55.90%,8.60%,13.30%,3.20%,1.00%,18.10%,33.6
Bloomingdale Boro,Passaic,2023,8.8,355,"7,686",74.90%,3.90%,19.10%,0.00%,2.20%,0.00%,0.00%,0.00%,"$126,221",10.90%,33.1,192,109,"3,121","3,023",97%,70%,31%,,0,180,106,186,210,234,329,825,255,796,"2,163",96,149,165,98,61,389,0,0,71.00%,12.40%,4.40%,6.10%,2.20%,3.90%,0.00%,0.00%,0.00%,80,988,"1,222",733,"4,210",76.30%,4.40%,1.80%,1.90%,2.40%,13.20%,28.8
Bloomsbury Boro,Hunterdon,2023,0.9,456,805,88.70%,3.50%,3.50%,0.00%,1.20%,0.00%,0.00%,3.10%,"$88,068",4.30%,38.7,117,20,410,379,92%,59%,41%,,0,0,4,17,50,20,19,97,28,175,279,91,15,12,11,0,0,2,0,17.20%,4.50%,5.30%,73.10%,0.00%,0.00%,0.00%,0.00%,0.00%,5,121,163,90,417,84.40%,4.30%,2.90%,0.00%,0.50%,7.90%,36.2
Bogota Boro,Bergen,2023,0.8,"4,004","9,110",27.70%,7.40%,55.40%,0.00%,8.50%,0.00%,0.00%,1.00%,"$107,321",5.60%,29.9,249,103,"3,203","3,125",98%,69%,32%,,96,50,20,133,127,183,304,446,238,"1,606","2,193",127,366,85,65,95,272,0,0,71.60%,13.20%,6.90%,4.30%,0.00%,0.00%,0.40%,1.20%,2.40%,386,"1,013","1,195",531,"4,627",61.30%,16.80%,9.60%,2.60%,2.90%,6.70%,30.8
Boonton Town,Morris,2023,2.3,"1,633","8,803",67.40%,6.10%,14.90%,0.00%,6.20%,0.00%,0.50%,5.00%,"$100,417",7.50%,28.6,279,223,"3,757","3,514",94%,57%,43%,,0,65,80,101,391,255,642,661,275,"1,287","2,091",422,612,285,148,36,163,0,0,74.20%,10.80%,4.20%,10.50%,0.00%,0.00%,0.00%,0.00%,0.30%,249,"1,143","1,396",726,"4,632",78.70%,3.60%,0.60%,1.30%,1.30%,14.50%,24.5
Boonton Twp,Morris,2023,8.1,188,"4,392",90.30%,1.30%,5.10%,0.00%,3.20%,0.00%,0.00%,0.10%,"$186,964",1.10%,20.7,464,19,"1,525","1,398",92%,93%,7%,,13,85,38,165,243,279,196,277,20,209,"1,354",65,22,41,0,0,43,0,0,36.10%,3.40%,9.00%,49.00%,0.00%,0.90%,0.00%,0.70%,0.90%,16,222,527,633,"2,039",60.50%,8.00%,2.10%,0.40%,2.00%,27.00%,25.7
Bordentown City,Burlington,2023,0.9,"2,240","4,006",78.50%,6.10%,7.30%,0.00%,2.60%,0.00%,0.00%,5.60%,"$91,208",5.80%,30.5,233,121,"2,016","1,830",91%,52%,48%,,0,69,13,83,73,144,94,313,31,"1,196",646,416,206,224,128,159,237,0,0,76.00%,17.50%,0.40%,4.60%,0.00%,0.00%,0.00%,0.50%,0.90%,49,891,638,252,"2,032",81.50%,4.60%,0.80%,0.90%,0.30%,11.80%,25.7
Bordentown Twp,Burlington,2023,8.7,533,"11,898",66.80%,11.20%,9.90%,0.00%,9.00%,0.00%,0.10%,3.10%,"$115,507",3.10%,21.5,431,228,"4,633","4,522",98%,71%,29%,,92,253,"1,061",577,440,344,597,943,215,111,"2,659",791,216,89,184,291,403,0,0,82.80%,11.90%,1.10%,3.10%,0.00%,0.00%,0.80%,0.30%,0.00%,100,"1,321","2,128",973,"6,351",72.10%,6.20%,1.00%,0.40%,1.10%,19.10%,26.4
Bound Brook Boro,Somerset,2023,1.7,"2,814","12,023",30.90%,6.40%,55.90%,0.00%,3.60%,0.00%,1.50%,1.80%,"$80,876",10.60%,35.6,148,212,"4,783","4,712",99%,42%,58%,,28,665,96,278,130,390,436,801,732,"1,227","1,969",487,584,557,213,172,801,0,0,70.10%,23.20%,0.10%,3.40%,0.10%,0.00%,0.10%,1.00%,1.90%,565,"2,106","1,353",688,"6,746",65.20%,15.40%,4.10%,0.90%,7.10%,7.40%,22.5
Bradley Beach Boro,Monmouth,2023,0.6,"4,727","4,264",73.60%,0.70%,16.50%,0.00%,6.00%,0.00%,2.60%,0.70%,"$94,722",6.00%,29.9,250,93,"2,836","2,020",71%,48%,52%,Yes,28,74,329,132,316,535,246,133,211,832,"1,419",175,175,193,176,153,545,0,0,73.80%,21.20%,3.10%,2.00%,0.00%,0.00%,0.00%,0.00%,0.00%,68,"1,056",771,125,"2,490",57.10%,7.70%,4.80%,2.90%,3.10%,24.40%,30.9
Branchburg Twp,Somerset,2023,20.1,290,"14,948",70.10%,7.50%,7.60%,0.30%,12.10%,0.00%,0.30%,2.10%,"$169,087",3.30%,19.1,493,330,"5,838","5,690",97%,85%,15%,,22,115,591,"1,426","1,532",793,439,450,88,382,"4,053",711,160,79,157,81,387,210,0,85.60%,5.50%,2.70%,4.30%,0.00%,1.10%,0.20%,0.60%,0.00%,160,"1,332","2,452","1,746","8,576",73.50%,4.90%,1.40%,1.30%,1.40%,17.50%,31.1
Branchville Boro,Sussex,2023,0.6,642,724,88.70%,2.90%,5.10%,0.10%,1.50%,0.00%,0.00%,1.70%,"$124,167",4.80%,33.3,188,54,385,296,77%,61%,40%,,0,0,11,2,70,14,26,59,15,188,218,7,43,44,63,3,0,7,0,25.70%,36.80%,6.40%,29.10%,0.00%,2.00%,0.00%,0.00%,0.00%,8,65,132,91,466,79.40%,1.50%,0.00%,1.90%,1.10%,16.10%,26.4
Brick Twp,Ocean,2023,25.6,"1,302","74,807",79.00%,3.20%,12.40%,0.00%,1.70%,0.00%,1.00%,2.70%,"$101,170",5.10%,29,265,806,"33,331","30,077",90%,82%,18%,,187,"1,027","1,794","4,814","5,738","8,032","4,840","4,769","1,164",966,"26,063","3,656",267,475,589,395,"1,767",119,0,81.70%,13.90%,1.70%,2.00%,0.00%,0.00%,0.30%,0.10%,0.20%,"1,162","10,015","11,635","7,265","38,488",78.90%,7.60%,1.60%,0.90%,1.10%,10.00%,29
Bridgeton City,Cumberland,2023,6.2,"1,239","26,836",10.00%,30.30%,57.00%,0.30%,0.20%,0.00%,0.30%,2.00%,"$46,124",31.70%,76.7,7,436,"7,681","7,097",92%,35%,65%,,0,208,666,439,439,"1,035",618,"1,463","1,068","1,745","2,873","2,274",628,547,379,407,564,9,0,66.10%,10.60%,1.30%,21.00%,0.00%,0.50%,0.00%,0.30%,0.20%,"1,283","3,205","1,587","1,022","9,234",62.40%,27.10%,2.00%,2.70%,2.10%,3.60%,28.2
Bridgewater Twp,Somerset,2023,31.9,529,"45,943",58.10%,3.10%,10.60%,0.10%,23.80%,0.00%,0.90%,3.40%,"$170,641",4.00%,21.9,420,464,"16,870","16,388",97%,84%,16%,,0,337,997,"4,343","2,930","1,693","3,190","2,046",522,812,"11,890","2,160",159,460,644,499,"1,037",8,13,84.10%,10.30%,1.60%,3.30%,0.00%,0.30%,0.00%,0.00%,0.40%,540,"3,822","7,369","4,657","23,143",66.20%,5.10%,3.20%,0.30%,0.70%,24.50%,31.7
Brielle Boro,Monmouth,2023,1.8,"1,163","4,960",91.50%,0.60%,4.50%,0.70%,1.20%,0.00%,0.20%,1.30%,"$167,754",1.40%,19.1,491,83,"2,093","1,884",90%,92%,8%,,0,46,118,95,258,292,353,460,139,332,"1,651",208,80,141,0,0,0,13,0,92.50%,5.00%,0.00%,1.40%,0.00%,0.30%,0.00%,0.00%,0.80%,114,418,970,382,"2,443",71.90%,4.90%,0.90%,1.90%,0.00%,20.40%,29.5
Brigantine City,Atlantic,2023,6.5,"1,437","7,702",84.80%,1.10%,6.10%,0.00%,6.40%,0.00%,0.50%,1.10%,"$88,906",9.40%,34.8,162,111,"9,340","3,954",42%,75%,25%,Yes,99,388,772,617,"2,811","1,389","1,069","1,488",351,356,"4,722","1,262",876,732,284,484,980,0,0,78.20%,18.40%,1.60%,0.10%,0.00%,0.10%,0.30%,0.00%,1.30%,266,"1,625","1,619",444,"3,863",70.10%,5.40%,3.20%,0.50%,1.60%,19.30%,24.9
Brooklawn Boro,Camden,2023,0.5,"1,934","1,788",67.50%,12.00%,11.60%,0.00%,7.40%,0.00%,0.30%,1.30%,"$55,882",10.80%,54.2,25,67,967,886,92%,78%,22%,,0,0,3,0,26,19,76,132,166,545,454,402,37,56,10,0,8,0,0,85.70%,3.80%,0.60%,9.00%,0.00%,0.00%,0.20%,0.70%,0.00%,55,407,353,71,742,71.80%,10.00%,4.20%,5.80%,0.80%,7.40%,21.3
Buena Boro,Atlantic,2023,7.6,231,"4,500",56.80%,3.00%,30.60%,0.00%,7.90%,0.20%,0.00%,1.70%,"$78,393",6.00%,42.8,82,99,"1,757","1,633",93%,68%,32%,,0,95,206,113,116,207,224,236,223,337,"1,278",67,108,87,26,14,158,19,0,65.60%,23.70%,0.00%,10.30%,0.00%,0.00%,0.00%,0.40%,0.00%,125,360,563,585,"2,115",86.40%,6.20%,0.00%,0.50%,1.60%,5.30%,30
Buena Vista Twp,Atlantic,2023,41.1,78,"7,064",71.20%,6.30%,17.70%,0.10%,1.90%,0.00%,0.00%,2.80%,"$79,436",8.10%,43.4,73,108,"3,219","2,983",93%,87%,13%,,0,36,339,152,368,418,907,659,72,268,"2,727",37,20,0,32,52,17,334,0,71.70%,12.70%,4.80%,7.60%,0.00%,3.20%,0.00%,0.00%,0.00%,80,941,"1,175",787,"3,397",79.80%,7.20%,0.00%,4.10%,1.70%,7.10%,35.7
Burlington City,Burlington,2023,3,"1,356","9,904",41.90%,31.70%,15.10%,0.00%,1.40%,0.00%,0.20%,9.80%,"$78,009",16.20%,44.5,64,286,"4,068","3,645",90%,63%,37%,,134,159,78,271,150,382,272,549,363,"1,710","1,838","1,286",173,170,153,192,256,0,0,69.80%,21.00%,2.10%,5.80%,0.00%,0.00%,0.00%,0.00%,1.30%,340,"1,212","1,463",630,"4,573",74.10%,12.50%,1.80%,1.20%,1.60%,8.70%,30.7
Burlington Twp,Burlington,2023,13.5,697,"23,981",43.30%,35.40%,6.30%,0.00%,9.50%,0.00%,0.20%,5.40%,"$96,955",9.10%,33.3,187,268,"9,407","8,942",95%,76%,24%,,0,488,"1,150","2,917",547,"1,017","1,119",994,454,721,"5,858","1,253",19,335,163,731,"1,048",0,0,75.30%,21.50%,0.80%,0.80%,0.00%,0.00%,0.50%,0.30%,0.80%,781,"2,714","2,977","2,470","12,567",76.50%,5.30%,4.30%,0.60%,1.50%,11.70%,31.5
Butler Boro,Morris,2023,2,"1,786","8,072",67.60%,1.30%,24.80%,0.00%,4.40%,0.00%,0.20%,1.70%,"$110,375",9.40%,26.4,331,193,"3,571","3,515",98%,68%,32%,,0,73,406,291,162,412,586,620,261,760,"2,131",282,316,201,113,192,336,0,0,81.80%,12.60%,1.30%,4.00%,0.00%,0.00%,0.00%,0.00%,0.30%,225,"1,152","1,538",600,"4,621",72.10%,4.90%,5.70%,0.30%,0.80%,16.30%,34.5
Byram Twp,Sussex,2023,21.5,153,"8,082",78.60%,1.30%,13.50%,0.00%,2.00%,0.00%,0.40%,4.20%,"$137,367",2.40%,23,401,117,"3,297","2,999",91%,96%,4%,,20,30,211,185,327,954,580,385,198,407,"3,216",16,6,36,7,0,16,0,0,4.50%,14.90%,11.80%,65.70%,0.00%,2.40%,0.20%,0.50%,0.00%,54,636,"1,410",899,"4,406",78.30%,3.20%,2.40%,0.10%,0.40%,15.70%,35.5
Caldwell Boro,Essex,2023,1.2,"3,228","8,898",66.80%,4.70%,14.00%,0.30%,12.60%,0.00%,0.40%,1.20%,"$101,196",5.90%,23.1,399,183,"3,874","3,797",98%,45%,55%,,0,126,168,225,410,207,700,580,341,"1,117","1,226",288,439,275,228,419,983,16,0,79.20%,15.00%,1.40%,2.40%,0.00%,0.00%,0.00%,2.00%,0.00%,133,"1,881","1,306",477,"4,929",65.50%,4.80%,4.80%,4.10%,1.10%,19.70%,29.3
Califon Boro,Hunterdon,2023,1,443,"1,065",86.90%,0.20%,8.50%,0.00%,1.70%,0.00%,0.00%,2.80%,"$130,938",8.80%,25.2,354,30,443,443,100%,87%,13%,,0,2,17,23,62,60,49,35,11,184,396,8,24,11,4,0,0,0,0,43.10%,12.20%,2.70%,38.40%,0.00%,2.50%,0.50%,0.70%,0.00%,4,138,189,112,638,76.30%,4.10%,0.60%,2.40%,0.80%,15.80%,34.3
Camden City,Camden,2023,8.9,"3,137","71,471",3.60%,37.70%,54.20%,0.10%,1.70%,0.00%,0.30%,2.40%,"$40,450",28.50%,100,1,"1,969","27,920","24,697",88%,36%,64%,,17,"1,233","1,467","1,116","1,227","1,754","3,509","3,313","3,372","10,912","2,981","15,258","2,715","1,425","1,022","1,341","3,036",120,22,64.50%,25.60%,2.20%,4.50%,0.30%,0.00%,0.10%,0.90%,1.90%,"7,861","9,948","4,806","2,082","25,851",53.00%,21.10%,11.40%,4.00%,5.20%,5.20%,25.1
Cape May City,Cape May,2023,2.5,"1,559","2,789",79.10%,1.80%,13.00%,0.00%,0.00%,0.00%,0.00%,6.10%,"$57,230",7.50%,43,81,253,"3,898","1,369",35%,63%,37%,Yes,10,54,199,221,651,906,237,369,100,"1,151","2,006","1,152",179,245,76,25,215,0,0,61.30%,36.40%,0.00%,0.40%,0.00%,0.00%,0.00%,0.70%,1.20%,110,659,502,98,"1,373",72.30%,3.70%,0.10%,9.00%,6.60%,8.40%,17.7
Cape May Point Boro,Cape May,2023,0.3,"2,183",155,76.80%,17.40%,0.00%,0.00%,3.90%,0.00%,0.00%,1.90%,"$88,333",12.30%,35.1,160,1,655,84,13%,100%,0%,Yes,7,52,73,38,103,39,36,77,42,188,596,24,13,9,0,0,0,13,0,59.50%,7.10%,2.40%,27.40%,0.00%,0.00%,0.00%,0.00%,3.60%,0,49,32,3,62,46.80%,8.10%,0.00%,33.90%,0.00%,11.30%,17.4
Carlstadt Boro,Bergen,2023,3.9,701,"6,343",68.20%,0.00%,19.80%,0.20%,8.70%,0.00%,1.00%,2.00%,"$94,854",10.50%,32.4,204,451,"2,733","2,639",97%,61%,39%,,24,33,44,192,80,289,289,699,267,816,"1,320",199,904,248,62,0,0,0,0,85.70%,6.40%,2.20%,5.00%,0.00%,0.00%,0.00%,0.60%,0.00%,310,965,"1,101",263,"3,576",59.50%,8.00%,17.90%,3.50%,6.10%,5.00%,28.5
Carneys Point Twp,Salem,2023,16.9,239,"8,611",60.70%,16.90%,16.30%,0.00%,2.40%,0.00%,0.00%,3.80%,"$74,925",11.10%,43.8,69,173,"4,047","3,641",90%,63%,37%,,13,127,260,217,350,707,523,733,481,636,"2,739",91,87,112,10,401,442,165,0,64.20%,15.90%,3.30%,16.10%,0.40%,0.00%,0.00%,0.00%,0.00%,577,"1,096","1,308",660,"4,194",74.20%,13.20%,0.20%,1.40%,1.90%,9.10%,23.2
Carteret Boro,Middlesex,2023,4.4,"1,978","25,187",22.40%,16.60%,34.00%,0.00%,24.50%,0.00%,0.20%,2.50%,"$87,553",10.00%,42.7,84,200,"8,702","8,317",96%,55%,45%,,4,631,"1,071",280,494,536,"1,308","2,481",689,"1,208","4,432",502,"1,650",419,426,263,772,238,0,76.70%,9.10%,3.00%,8.40%,0.00%,0.00%,1.20%,1.00%,0.60%,671,"2,588","2,955","2,103","11,668",68.30%,9.90%,7.80%,2.40%,2.40%,9.20%,32.2
Cedar Grove Twp,Essex,2023,4.2,"1,208","13,252",77.10%,4.50%,7.90%,0.00%,7.90%,0.00%,0.40%,2.20%,"$153,038",3.40%,21.6,427,199,"5,075","4,942",97%,83%,17%,,48,363,217,181,501,189,718,"1,785",571,502,"3,478",497,130,208,158,224,320,44,16,85.20%,9.20%,2.30%,2.00%,0.00%,0.00%,0.00%,0.10%,1.20%,297,"1,692","2,181",772,"6,128",58.70%,6.10%,11.70%,0.30%,1.40%,21.70%,34.4
Chatham Boro,Morris,2023,2.3,"1,306","9,219",80.00%,0.50%,5.40%,0.00%,10.50%,0.00%,0.40%,3.10%,"250,000+",2.50%,11.7,562,231,"3,003","2,946",98%,82%,19%,,23,218,98,173,163,88,259,537,474,970,"2,394",93,35,238,42,30,171,0,0,85.20%,7.00%,3.20%,2.90%,0.00%,0.00%,0.00%,0.50%,1.10%,81,889,"1,544",432,"4,422",45.40%,3.10%,17.30%,1.00%,0.70%,32.60%,38.6
Chatham Twp,Morris,2023,9.1,442,"11,001",76.80%,0.50%,5.60%,0.00%,12.40%,0.00%,0.00%,4.70%,"$223,380",1.80%,13.5,551,36,"4,025","3,935",98%,83%,17%,,24,178,380,358,667,540,432,778,363,305,"2,755",352,21,118,402,207,170,0,0,86.10%,10.50%,1.20%,2.00%,0.00%,0.00%,0.00%,0.00%,0.20%,183,"1,168","1,729",855,"4,694",59.80%,3.40%,9.90%,0.60%,0.30%,26.00%,32
Cherry Hill Twp,Camden,2023,24.1,"1,250","75,641",66.80%,6.50%,9.00%,0.00%,13.30%,0.10%,1.40%,3.00%,"$122,485",7.40%,26.4,330,1127,"30,124","28,737",95%,77%,23%,,138,"1,303",877,"2,295","3,166","6,131","8,437","5,529","1,214","1,034","20,261","2,623",161,692,"1,088",313,"4,827",159,0,80.60%,15.10%,0.90%,2.20%,0.00%,0.50%,0.10%,0.30%,0.40%,"1,312","8,510","13,180","5,735","37,907",66.50%,6.20%,4.20%,1.10%,1.70%,20.30%,27.4
Chesilhurst Boro,Camden,2023,1.7,327,"1,340",39.90%,35.10%,20.60%,0.60%,0.00%,0.00%,0.30%,3.60%,"$89,904",11.70%,51,40,21,556,496,89%,88%,12%,,0,32,69,45,42,189,70,47,34,28,415,14,0,3,0,0,41,83,0,64.10%,19.80%,5.00%,9.70%,0.00%,0.80%,0.00%,0.60%,0.00%,41,189,138,128,681,65.90%,19.50%,7.00%,0.90%,0.00%,6.60%,37.6
Chester Boro,Morris,2023,1.6,346,"1,359",81.20%,1.30%,9.40%,0.00%,2.70%,0.00%,0.00%,5.30%,"$152,578",7.50%,22.4,411,132,554,549,99%,76%,24%,,0,22,66,70,33,94,91,39,36,103,412,25,37,0,5,12,43,20,0,70.50%,6.90%,0.00%,22.60%,0.00%,0.00%,0.00%,0.00%,0.00%,42,132,272,103,714,70.30%,0.40%,2.20%,4.20%,0.30%,22.50%,29.9
Chester Twp,Morris,2023,29.1,93,"7,709",88.70%,0.80%,3.60%,0.00%,3.70%,0.00%,0.70%,2.50%,"250,000+",2.50%,15.4,545,94,"2,692","2,583",96%,97%,4%,,0,84,355,505,616,205,403,347,80,97,"2,613",79,0,0,0,0,0,0,0,70.00%,6.80%,4.50%,17.50%,0.00%,0.30%,0.40%,0.40%,0.00%,50,239,"1,327",967,"3,482",65.90%,4.70%,0.30%,1.60%,0.60%,26.90%,36.8
Chesterfield Twp,Burlington,2023,21.3,121,"9,213",48.60%,11.90%,5.80%,0.00%,29.00%,0.00%,1.00%,3.60%,"$193,224",2.90%,20,479,43,"2,573","2,472",96%,93%,7%,,41,718,898,219,169,59,121,157,21,170,"2,005",433,33,38,0,41,23,0,0,78.50%,4.90%,2.80%,13.30%,0.00%,0.00%,0.00%,0.50%,0.00%,20,376,"1,318",758,"4,268",63.70%,4.20%,4.70%,1.40%,0.00%,26.00%,34.8
Cinnaminson Twp,Burlington,2023,7.4,849,"17,243",82.00%,5.70%,5.00%,0.00%,2.30%,0.00%,0.40%,4.50%,"$123,542",4.50%,22.9,405,269,"6,284","6,149",98%,85%,15%,,105,595,709,360,208,604,"2,127","1,139",187,250,"4,893",529,74,111,194,227,250,0,6,86.60%,9.40%,0.20%,3.60%,0.00%,0.00%,0.00%,0.10%,0.00%,143,"1,560","2,992","1,454","8,530",78.10%,3.70%,3.10%,0.60%,1.20%,13.30%,28.2
City of Orange Twp,Essex,2023,2.2,"6,116","33,973",5.30%,57.50%,29.80%,0.20%,2.30%,0.00%,0.30%,4.70%,"$53,306",21.00%,57.2,19,588,"13,456","12,592",94%,24%,76%,,105,620,909,403,937,"1,482","1,727","2,351","1,428","3,494","2,238","1,159","1,641","1,698","1,176",990,"4,507",47,0,69.20%,20.50%,3.30%,3.00%,0.00%,0.00%,0.50%,1.00%,2.50%,"3,584","5,905","2,410",693,"14,708",54.30%,9.00%,19.00%,2.20%,9.50%,6.10%,30.9
Clark Twp,Union,2023,4.3,"1,415","15,410",82.60%,2.20%,9.40%,0.00%,3.90%,0.00%,0.40%,1.50%,"$122,610",2.90%,22.7,408,242,"6,084","5,949",98%,76%,24%,,50,326,294,171,234,769,"1,563","1,861",633,183,"4,520",213,278,117,120,131,705,0,0,84.40%,7.40%,2.20%,5.10%,0.00%,0.00%,0.00%,0.00%,1.00%,194,"1,968","2,541","1,246","7,540",72.40%,4.70%,4.50%,0.80%,2.00%,15.60%,29.7
Clayton Boro,Gloucester,2023,7.1,520,"8,867",67.20%,20.10%,9.00%,0.00%,0.20%,0.00%,0.30%,3.20%,"$89,375",7.00%,37,130,98,"3,690","3,351",91%,74%,26%,,0,383,467,400,228,637,241,486,220,628,"2,884",52,54,117,18,282,276,7,0,76.90%,15.80%,2.00%,4.50%,0.00%,0.50%,0.30%,0.00%,0.00%,107,"1,106","1,309",829,"3,749",82.20%,6.70%,3.00%,1.10%,0.00%,7.00%,32.9
Clementon Boro,Camden,2023,1.9,"1,272","5,351",62.00%,15.60%,19.00%,0.00%,0.00%,0.00%,0.10%,3.30%,"$69,536",12.10%,51.1,38,83,"2,416","2,204",91%,52%,48%,,0,92,2,101,283,773,255,381,83,446,"1,338",284,95,0,83,109,507,0,0,69.00%,23.40%,1.30%,6.30%,0.00%,0.00%,0.00%,0.00%,0.00%,337,698,834,335,"2,553",78.70%,6.30%,3.60%,4.20%,0.00%,7.40%,23.6
Cliffside Park Boro,Bergen,2023,1,"11,223","25,580",45.00%,3.20%,32.40%,0.20%,13.20%,0.00%,2.00%,4.10%,"$94,960",11.30%,34.3,171,238,"11,223","10,615",95%,50%,50%,,54,943,787,627,969,"2,251",843,794,844,"3,111","1,967","1,257","2,290",810,828,756,"3,278",37,0,52.80%,33.10%,4.50%,5.20%,0.00%,0.00%,0.00%,3.20%,1.20%,"1,297","5,674","2,857",787,"12,705",46.10%,10.40%,17.60%,5.30%,3.10%,17.60%,34.8
Clifton City,Passaic,2023,11.3,"3,015","89,247",46.20%,3.70%,39.40%,0.00%,7.70%,0.00%,0.40%,2.70%,"$99,003",7.40%,36.2,137,"1,526","34,064","32,897",97%,59%,41%,,161,789,"1,888",773,"1,478","2,149","2,936","8,105","5,623","10,162","15,417","2,335","7,167","3,072","1,892","1,345","2,737",99,0,84.60%,7.70%,2.30%,3.90%,0.00%,0.00%,0.10%,0.60%,0.70%,"3,138","12,441","11,678","5,640","45,387",68.60%,7.60%,9.60%,1.90%,1.80%,10.40%,29.2
Clinton Town,Hunterdon,2023,1.3,842,"2,784",76.10%,0.70%,10.00%,0.00%,8.60%,0.00%,1.40%,3.30%,"$142,563",2.30%,24.7,374,147,"1,094","1,049",96%,73%,27%,,0,77,59,262,72,120,142,81,39,242,609,116,117,56,26,64,106,0,0,64.30%,13.40%,1.70%,20.30%,0.00%,0.00%,0.00%,0.00%,0.30%,50,306,416,277,"1,491",70.80%,4.60%,0.30%,1.50%,2.70%,20.10%,30.2
Clinton Twp,Hunterdon,2023,29.9,161,"13,347",76.50%,5.10%,7.70%,0.00%,5.80%,0.00%,0.10%,4.80%,"$153,771",2.60%,20.7,463,278,"4,807","4,742",99%,90%,10%,,0,86,346,"1,138","1,231",726,495,271,67,447,"3,659",621,71,89,157,170,40,0,0,54.10%,5.80%,8.80%,29.80%,0.00%,0.40%,0.70%,0.40%,0.00%,50,"1,077","2,006","1,609","6,088",68.50%,2.80%,2.00%,0.70%,1.70%,24.20%,37.4
Closter Boro,Bergen,2023,3.2,851,"8,544",47.80%,2.80%,9.90%,0.50%,32.20%,0.00%,0.90%,6.00%,"$187,500",7.20%,23.5,394,173,"2,723","2,632",97%,82%,18%,,19,114,73,179,188,193,371,817,240,529,"2,486",13,147,30,9,15,23,0,0,82.60%,9.10%,4.00%,3.30%,0.00%,0.00%,0.30%,0.00%,0.70%,74,702,"1,194",662,"4,267",58.20%,7.90%,8.10%,3.10%,1.40%,21.20%,33.4
Collingswood Boro,Camden,2023,1.8,"3,894","14,163",75.90%,10.80%,8.00%,0.10%,1.00%,0.00%,0.20%,4.00%,"$83,917",10.80%,32.9,194,289,"7,009","6,611",94%,54%,46%,,0,127,126,183,214,600,661,911,926,"3,261","2,663","1,042",740,360,192,336,"1,671",5,0,72.70%,18.50%,0.70%,6.30%,0.00%,0.00%,0.10%,0.30%,1.40%,771,"3,013","2,078",749,"7,836",53.60%,11.80%,11.70%,1.50%,1.60%,19.90%,26.2
Colts Neck Twp,Monmouth,2023,30.7,121,"9,942",83.80%,0.40%,8.30%,0.00%,4.00%,0.00%,0.40%,3.10%,"$184,412",3.60%,16.8,529,73,"3,704","3,604",97%,93%,7%,,10,10,468,904,458,773,758,63,31,229,"3,446",93,25,100,0,0,15,25,0,85.80%,3.00%,0.90%,10.00%,0.00%,0.00%,0.20%,0.00%,0.00%,55,539,"1,664","1,346","5,127",64.80%,6.40%,4.50%,0.30%,0.50%,23.60%,32.7
Commercial Twp,Cumberland,2023,31.9,68,"4,665",73.10%,11.10%,8.50%,0.00%,0.30%,0.00%,0.00%,7.00%,"$52,602",14.70%,55.3,22,75,"2,157","1,942",90%,73%,27%,,33,84,136,49,362,290,278,311,71,543,"1,777",7,29,0,0,0,0,344,0,73.20%,6.10%,3.50%,11.30%,0.00%,5.10%,0.00%,0.00%,0.90%,133,909,526,374,"1,841",78.00%,15.90%,0.00%,0.00%,1.90%,4.20%,30.5
Corbin City,Atlantic,2023,7.7,33,668,92.80%,0.00%,6.00%,0.00%,0.00%,0.00%,0.00%,1.20%,"$88,839",14.50%,39.2,115,16,252,230,91%,88%,12%,,0,19,77,41,22,23,13,16,1,40,196,0,10,0,0,0,0,46,0,23.50%,11.70%,24.80%,14.30%,0.00%,3.50%,0.00%,22.20%,0.00%,0,32,86,112,319,91.50%,2.20%,0.00%,0.00%,0.00%,6.30%,32.3
Cranbury Twp,Middlesex,2023,13.3,109,"4,063",62.70%,4.90%,3.10%,0.00%,24.00%,0.00%,0.50%,4.90%,"$212,250",4.00%,15.6,542,162,"1,447","1,413",98%,89%,11%,,49,72,193,328,249,73,66,102,77,238,"1,223",142,26,6,7,0,43,0,0,86.40%,8.80%,0.50%,3.80%,0.00%,0.50%,0.00%,0.00%,0.00%,41,258,704,410,"2,047",46.40%,8.00%,3.20%,0.90%,2.40%,39.20%,35.7
Cranford Twp,Union,2023,4.8,"2,004","23,841",84.60%,2.10%,7.40%,0.00%,3.00%,0.00%,0.50%,2.30%,"$148,629",2.70%,20.4,467,320,"9,619","9,410",98%,78%,22%,,47,413,245,340,276,414,"1,067","2,303","1,551","2,963","6,968",272,744,227,143,207,"1,058",0,0,79.90%,9.50%,3.00%,6.90%,0.00%,0.10%,0.00%,0.10%,0.30%,589,"2,892","4,046","1,883","12,357",58.50%,3.80%,12.40%,1.40%,1.10%,22.70%,35.4
Cresskill Boro,Bergen,2023,2.1,"1,524","9,101",59.10%,0.60%,11.80%,0.10%,27.70%,0.00%,0.60%,0.10%,"$173,293",2.30%,19.8,480,76,"3,200","3,085",96%,81%,19%,,45,262,377,90,266,216,532,644,376,392,"2,551",181,47,48,0,58,310,5,0,82.90%,13.50%,2.10%,1.50%,0.00%,0.00%,0.00%,0.00%,0.00%,176,778,"1,502",629,"4,522",73.00%,4.10%,4.40%,0.70%,0.30%,17.40%,33.6
Deal Boro,Monmouth,2023,1.2,793,632,79.10%,2.10%,17.30%,0.00%,1.10%,0.00%,0.20%,0.30%,"$77,679",13.60%,28.4,282,15,951,247,26%,61%,39%,Yes,3,27,32,73,27,90,75,68,68,488,809,0,7,6,30,25,59,15,0,82.20%,15.80%,1.20%,0.00%,0.00%,0.00%,0.00%,0.80%,0.00%,13,85,87,62,255,67.80%,6.30%,5.90%,11.40%,0.00%,8.60%,35.5
Deerfield Twp,Cumberland,2023,16.8,67,"3,143",55.00%,8.20%,26.80%,0.70%,0.90%,0.20%,6.20%,2.00%,"$88,558",6.40%,34.7,163,71,"1,128","1,041",92%,87%,13%,,10,28,82,96,142,190,119,285,55,121,"1,101",4,18,0,0,0,0,5,0,61.50%,3.20%,7.30%,25.20%,0.00%,0.90%,1.30%,0.50%,0.20%,31,295,335,380,"1,258",83.50%,8.30%,1.00%,1.30%,0.30%,5.70%,21.3
Delanco Twp,Burlington,2023,2.4,760,"4,838",70.20%,14.40%,6.30%,0.00%,1.20%,0.00%,0.00%,7.90%,"$75,361",6.30%,30.1,241,53,"1,825","1,736",95%,75%,25%,,13,164,456,21,40,121,34,170,111,695,"1,157",243,25,131,13,102,154,0,0,72.90%,17.90%,0.00%,5.30%,0.00%,0.00%,0.00%,0.70%,3.10%,90,635,669,342,"2,068",77.20%,7.90%,1.30%,0.00%,0.70%,12.90%,29.3
Delaware Twp,Hunterdon,2023,36.7,50,"4,563",90.60%,0.00%,6.10%,0.00%,0.50%,0.00%,1.70%,1.10%,"$160,735",2.30%,18.2,512,47,"1,853","1,692",91%,92%,8%,,0,8,246,292,392,171,120,136,76,412,"1,666",41,79,53,14,0,0,0,0,18.50%,6.50%,15.10%,55.00%,0.00%,4.90%,0.00%,0.00%,0.00%,54,260,594,784,"2,400",76.30%,9.00%,3.50%,1.50%,0.00%,9.70%,37.1
Delran Twp,Burlington,2023,6.6,"1,071","17,937",74.10%,8.90%,5.30%,0.00%,3.90%,0.00%,3.40%,4.30%,"$106,195",3.60%,27.1,311,179,"7,068","6,828",97%,72%,28%,,35,58,"1,001","1,198",316,"1,733","1,540",692,151,344,"4,499",655,117,623,383,552,239,0,0,70.10%,23.70%,0.80%,4.30%,0.00%,0.00%,0.40%,0.30%,0.40%,140,"1,986","3,197","1,505","9,714",79.10%,6.30%,2.20%,0.00%,1.80%,10.60%,28.5
Demarest Boro,Bergen,2023,2.1,831,"4,916",63.10%,0.40%,7.10%,0.00%,28.50%,0.00%,0.40%,0.60%,"$175,078",0.80%,16.6,531,7,"1,746","1,695",97%,90%,10%,,23,271,130,131,88,99,233,445,71,255,"1,701",0,16,14,15,0,0,0,0,92.30%,5.70%,0.60%,0.50%,0.00%,0.50%,0.00%,0.40%,0.00%,27,364,873,431,"2,234",58.80%,8.30%,8.50%,0.00%,4.50%,20.00%,40.5
Dennis Twp,Cape May,2023,60.4,45,"6,233",90.10%,0.50%,5.50%,0.00%,0.70%,0.00%,0.00%,3.20%,"$111,591",3.90%,30.3,238,224,"2,738","2,418",88%,89%,12%,,23,47,153,523,511,500,217,214,75,475,"2,624",14,18,73,0,0,9,0,0,55.30%,8.50%,13.80%,10.80%,1.00%,3.60%,0.00%,6.90%,0.00%,30,430,"1,290",668,"2,895",84.80%,9.60%,0.20%,0.20%,0.60%,4.50%,26.8
Denville Twp,Morris,2023,12,565,"17,110",78.30%,1.80%,7.70%,0.00%,8.00%,0.00%,0.00%,4.30%,"$163,276",2.90%,21,449,408,"6,776","6,340",94%,85%,15%,,30,135,668,"1,205",360,431,951,"1,179",695,"1,122","5,022",683,111,50,175,155,580,0,0,69.80%,6.90%,3.30%,19.30%,0.00%,0.30%,0.00%,0.30%,0.00%,299,"1,713","2,821","1,507","8,562",65.80%,5.30%,2.80%,1.00%,0.70%,24.40%,30.7
Deptford Twp,Gloucester,2023,17.3,721,"32,105",69.20%,12.70%,9.30%,0.00%,4.30%,0.00%,0.20%,4.20%,"$90,128",9.70%,34.6,168,394,"12,465","11,860",95%,73%,27%,,31,586,"1,993","1,289","1,628","1,594","1,883","2,337",501,623,"9,040","1,029",176,440,704,474,557,31,14,83.20%,9.70%,1.00%,4.80%,0.00%,0.80%,0.00%,0.30%,0.40%,722,"3,742","4,653","2,743","16,638",78.00%,8.00%,1.60%,0.60%,0.90%,10.90%,26
Dover Town,Morris,2023,2.7,"2,452","18,420",14.00%,3.60%,75.00%,0.00%,2.20%,0.00%,4.70%,0.70%,"$70,519",11.60%,44.7,63,409,"6,621","6,455",97%,44%,56%,,90,35,263,385,751,383,572,"1,175",943,"2,024","3,005",719,"1,235",532,415,90,625,0,0,71.60%,12.80%,5.40%,10.00%,0.00%,0.00%,0.20%,0.00%,0.00%,778,"2,426","1,946","1,305","10,416",65.10%,12.30%,2.70%,3.50%,10.90%,5.50%,26.9
Downe Twp,Cumberland,2023,48.4,20,"1,559",78.60%,0.40%,13.70%,4.10%,0.50%,0.00%,0.20%,2.40%,"$64,239",10.00%,43.5,72,41,982,662,67%,86%,14%,Yes,14,28,73,46,122,169,89,88,72,281,797,25,6,0,0,0,0,151,3,39.00%,7.40%,9.80%,31.90%,0.00%,11.50%,0.00%,0.00%,0.50%,18,257,316,71,534,88.20%,5.40%,0.00%,0.00%,0.00%,6.40%,28.4
Dumont Boro,Bergen,2023,1.9,"3,569","18,072",51.70%,4.00%,19.60%,0.10%,20.90%,0.00%,0.10%,3.50%,"$125,585",6.00%,26.7,323,153,"6,781","6,491",96%,72%,28%,,17,225,62,145,220,475,819,"1,805","1,383","1,630","4,756",186,635,173,69,209,753,0,0,82.40%,10.60%,3.50%,2.70%,0.00%,0.00%,0.00%,0.00%,0.90%,418,"1,914","2,721","1,438","9,950",70.60%,8.90%,7.70%,1.00%,0.80%,11.10%,32.5
Dunellen Boro,Middlesex,2023,1.1,"2,477","7,711",33.70%,5.90%,45.00%,0.00%,11.50%,0.00%,0.00%,3.80%,"$84,789",23.10%,41.7,91,123,"2,725","2,471",91%,63%,37%,,0,275,46,48,7,400,263,420,168,"1,098","1,757",34,427,210,157,51,83,6,0,69.40%,17.60%,0.80%,12.30%,0.00%,0.00%,0.00%,0.00%,0.00%,149,912,926,484,"3,716",69.30%,10.10%,6.40%,0.00%,6.80%,7.50%,28
Eagleswood Twp,Ocean,2023,16.1,51,"1,645",91.10%,0.00%,4.50%,0.00%,1.20%,0.00%,0.70%,2.50%,"$93,000",9.70%,32.9,197,98,814,596,73%,86%,14%,Yes,0,98,116,64,62,100,74,75,41,184,717,35,4,0,12,0,4,31,11,78.50%,5.00%,0.00%,9.90%,1.80%,3.20%,1.50%,0.00%,0.00%,8,119,239,230,799,78.00%,10.30%,0.90%,0.00%,1.40%,9.50%,27.4
East Amwell Twp,Hunterdon,2023,28.5,63,"3,922",86.80%,0.10%,10.90%,0.40%,0.60%,0.00%,0.00%,1.30%,"$139,191",1.60%,21.5,433,62,"1,788","1,759",98%,85%,15%,,0,34,36,119,380,377,211,135,56,440,"1,661",52,29,0,0,46,0,0,0,12.20%,18.40%,16.10%,49.10%,0.00%,3.40%,0.00%,0.90%,0.00%,116,413,563,667,"2,389",72.40%,6.10%,0.70%,1.70%,1.00%,18.20%,33.8
East Brunswick Twp,Middlesex,2023,21.8,804,"49,411",49.30%,5.50%,13.00%,0.00%,28.10%,0.00%,0.70%,3.30%,"$140,769",4.70%,25.2,359,731,"17,524","16,972",97%,81%,19%,,20,986,885,"1,798","3,711","2,471","3,268","3,113",487,785,"11,410","1,816",512,496,702,967,"1,599",22,0,85.50%,10.10%,0.60%,2.10%,0.00%,0.00%,0.80%,0.50%,0.40%,740,"4,568","7,060","4,604","23,888",62.30%,5.10%,7.30%,0.90%,2.30%,22.10%,38
East Greenwich Twp,Gloucester,2023,14.4,303,"11,975",87.50%,3.30%,3.50%,0.00%,3.20%,0.00%,0.80%,1.70%,"$143,921",1.00%,19.4,486,106,"4,370","4,257",97%,98%,2%,,16,541,"1,785",338,461,412,110,193,16,498,"3,694",652,0,0,0,24,0,0,0,80.80%,7.60%,3.10%,7.30%,0.00%,0.70%,0.00%,0.50%,0.00%,52,639,"2,416","1,150","6,409",74.50%,4.80%,1.00%,0.70%,0.20%,18.80%,28.9
East Hanover Twp,Morris,2023,7.9,527,"11,106",70.00%,3.40%,11.30%,0.10%,12.60%,0.00%,0.70%,1.90%,"$144,792",2.20%,22,418,258,"4,162","4,045",97%,94%,6%,,11,142,107,"1,002",759,658,547,607,118,211,"3,393",474,8,70,161,56,0,0,0,85.80%,5.60%,3.10%,5.50%,0.00%,0.00%,0.00%,0.00%,0.00%,133,"1,025","1,790","1,097","5,659",79.30%,3.30%,3.30%,0.00%,0.20%,13.90%,24.8
East Newark Boro,Hudson,2023,0.1,"8,600","2,529",19.10%,1.50%,63.10%,0.00%,9.20%,0.00%,2.40%,4.60%,"$65,272",25.20%,53.3,30,32,860,829,96%,26%,74%,,0,119,40,0,11,137,69,46,65,373,94,35,375,268,0,0,82,6,0,79.90%,16.50%,2.50%,0.00%,0.00%,0.00%,0.00%,0.00%,1.10%,207,332,243,47,"1,202",38.20%,23.50%,10.80%,10.90%,3.00%,13.60%,32.7
East Orange City,Essex,2023,3.9,"7,679","69,183",1.90%,79.00%,9.90%,0.10%,2.40%,0.20%,0.90%,5.60%,"$59,872",17.60%,55.5,21,731,"29,949","28,188",94%,27%,73%,,73,717,"1,855","1,955","2,563","2,668","4,131","3,987","3,111","8,889","5,487","1,326","4,231","3,551","1,294","2,614","11,407",16,23,59.00%,26.90%,3.20%,5.40%,0.00%,0.00%,0.00%,2.30%,3.20%,"9,327","11,809","5,101","1,951","31,736",56.60%,5.60%,20.00%,4.00%,5.60%,8.10%,35.5
East Rutherford Boro,Bergen,2023,3.7,"1,169","10,154",48.40%,4.00%,25.40%,0.00%,20.40%,0.00%,0.20%,1.60%,"$91,789",7.40%,32.7,201,260,"4,325","4,177",97%,36%,64%,,50,416,594,55,263,451,530,709,371,886,813,265,"1,543",365,60,307,972,0,0,79.30%,16.50%,2.10%,1.90%,0.00%,0.00%,0.00%,0.00%,0.20%,306,"1,847","1,411",613,"5,508",60.90%,1.90%,13.70%,7.10%,1.00%,15.40%,33.2
East Windsor Twp,Mercer,2023,15.6,784,"29,837",41.20%,10.30%,23.80%,0.00%,21.20%,0.00%,0.10%,3.30%,"$103,656",7.40%,27.3,310,169,"12,232","11,620",95%,62%,38%,,35,549,"1,527","1,075","1,748","3,129","2,587","1,043",151,388,"3,939","2,774",108,426,679,"2,776","1,257",273,0,72.30%,23.00%,0.80%,2.20%,0.00%,0.00%,0.00%,0.70%,0.90%,833,"4,142","4,608","2,037","15,145",66.60%,8.20%,2.50%,0.60%,4.10%,18.00%,28.6
Eastampton Twp,Burlington,2023,5.7,526,"6,280",52.90%,20.00%,14.50%,0.00%,0.40%,0.00%,0.30%,12.00%,"$105,450",6.40%,25.2,358,49,"2,999","2,667",89%,68%,32%,,0,568,246,881,399,549,176,123,20,37,"1,839",273,21,226,108,249,188,95,0,64.90%,21.40%,6.70%,6.40%,0.00%,0.00%,0.00%,0.00%,0.60%,418,612,"1,248",389,"4,022",68.80%,7.70%,2.10%,0.30%,2.70%,18.30%,27.8
Eatontown Boro,Monmouth,2023,5.8,"1,072","13,537",60.40%,6.70%,14.90%,0.00%,12.90%,0.00%,0.00%,5.10%,"$90,174",5.80%,33.4,185,262,"6,217","5,856",94%,55%,45%,,12,333,429,452,"1,039","1,094","1,319",974,341,224,"2,456",792,134,453,635,929,594,224,0,67.40%,26.30%,1.60%,3.60%,0.00%,0.00%,0.00%,0.50%,0.60%,449,"2,578","1,812","1,017","6,843",73.30%,8.90%,3.30%,1.20%,2.20%,11.00%,24.5
Edgewater Boro,Bergen,2023,1,"7,601","14,544",37.90%,3.50%,12.40%,0.00%,42.10%,0.00%,0.50%,3.60%,"$137,847",6.20%,21.8,422,119,"7,601","7,009",92%,41%,59%,,21,"1,280","2,111","1,039","1,147",361,523,93,216,810,290,721,262,"1,095",267,292,"4,674",0,0,54.60%,37.80%,3.10%,2.60%,0.00%,0.00%,0.00%,0.60%,1.20%,951,"3,525","2,307",226,"8,774",35.20%,4.10%,29.70%,3.70%,1.90%,25.40%,42
Edgewater Park Twp,Burlington,2023,2.9,"1,384","8,949",53.10%,27.30%,13.00%,0.00%,1.30%,0.00%,0.50%,4.90%,"$78,977",17.60%,43.1,78,75,"4,014","3,776",94%,71%,29%,,0,160,44,156,148,"1,436","1,204",328,10,528,"2,066",175,106,393,570,421,283,0,0,67.80%,24.40%,2.30%,2.60%,0.00%,0.60%,0.00%,1.70%,0.60%,255,"1,672","1,179",670,"4,691",76.30%,6.00%,3.40%,0.90%,1.20%,12.30%,31.2
Edison Twp,Middlesex,2023,30.1,"1,264","107,027",25.60%,8.40%,11.40%,0.20%,50.10%,0.10%,1.20%,3.00%,"$124,388",5.30%,27.5,304,1194,"38,057","36,862",97%,61%,39%,,249,"1,248","2,316","3,621","9,013","4,383","6,823","6,456","1,440","2,508","19,031","4,142","1,487","1,671","3,378","4,167","3,699",482,0,83.90%,10.60%,1.70%,2.50%,0.10%,0.00%,0.00%,0.50%,0.60%,"2,316","13,466","14,775","6,305","52,566",58.40%,8.60%,9.20%,1.10%,1.40%,21.30%,34.4
Egg Harbor City,Atlantic,2023,10.9,173,"4,378",43.20%,35.70%,17.20%,0.10%,0.50%,0.00%,0.00%,3.30%,"$67,604",8.10%,68,15,168,"1,890","1,655",88%,52%,48%,,0,197,36,40,48,198,210,433,224,504,"1,237",114,84,84,75,170,126,0,0,49.70%,15.00%,3.10%,25.40%,0.00%,0.00%,0.00%,3.40%,3.40%,288,573,379,415,"1,897",80.10%,1.80%,4.10%,6.30%,2.80%,4.90%,23.9
Egg Harbor Twp,Atlantic,2023,67,273,"47,723",56.30%,9.00%,16.30%,0.10%,12.90%,0.10%,0.90%,4.50%,"$96,068",10.10%,37.1,129,956,"18,294","17,349",95%,84%,17%,,147,"1,827","5,226","2,323","2,122","2,933","1,232",777,451,"1,256","13,480",775,208,464,454,627,367,"1,890",29,79.40%,9.00%,4.20%,5.80%,0.00%,0.50%,0.70%,0.40%,0.10%,632,"5,228","7,181","4,308","22,954",78.70%,8.80%,0.80%,0.70%,1.00%,10.00%,25.3
Elizabeth City,Union,2023,12.3,"3,979","135,887",13.00%,15.20%,66.80%,0.00%,1.70%,0.00%,1.10%,2.20%,"$63,874",15.30%,53.1,31,"1,907","48,940","45,932",94%,25%,75%,,171,"2,400","4,482","2,437","2,662","4,259","5,026","6,681","7,340","13,482","6,514","2,671","15,665","7,398","3,463","3,691","9,424",48,66,86.00%,8.90%,2.10%,2.00%,0.00%,0.00%,0.00%,0.20%,0.80%,"10,019","19,236","12,041","4,636","63,429",59.10%,15.20%,11.50%,4.70%,3.80%,5.70%,27
Elk Twp,Gloucester,2023,19.2,81,"4,426",77.20%,13.00%,2.60%,0.00%,4.80%,0.00%,0.00%,2.30%,"$144,470",3.80%,28.3,285,43,"1,560","1,416",91%,88%,12%,,11,201,351,89,168,158,278,82,16,206,"1,378",26,0,0,0,0,0,156,0,60.20%,1.80%,4.40%,31.50%,0.00%,2.00%,0.00%,0.00%,0.00%,91,259,631,435,"2,044",80.00%,6.10%,3.30%,0.00%,2.50%,8.10%,28.1
Elmer Boro,Salem,2023,0.9,548,"1,152",93.20%,1.70%,3.10%,0.40%,0.90%,0.00%,0.30%,0.40%,"$92,757",5.00%,32,211,68,493,441,89%,64%,36%,,0,24,2,11,11,34,33,69,10,299,377,38,43,28,4,0,0,3,0,57.60%,10.00%,0.00%,31.10%,0.00%,0.00%,1.40%,0.00%,0.00%,14,136,184,107,629,76.20%,11.40%,0.00%,1.30%,0.60%,10.50%,23.7
Elmwood Park Boro,Bergen,2023,2.6,"2,908","21,287",48.80%,9.30%,29.70%,0.00%,9.60%,0.00%,0.60%,1.90%,"$100,852",10.00%,38.9,116,276,"7,561","7,267",96%,57%,43%,,0,768,122,281,317,519,"1,095","2,357","1,244",858,"3,216",698,"2,183",685,77,104,598,0,0,81.00%,9.80%,3.00%,4.70%,0.00%,0.00%,0.00%,0.60%,0.80%,487,"2,246","2,916","1,618","10,537",71.70%,7.70%,7.10%,2.60%,3.20%,7.80%,27.2
Elsinboro Twp,Salem,2023,11.9,37,933,83.40%,4.40%,10.00%,0.00%,0.20%,0.00%,0.00%,2.00%,"$91,985",10.90%,36.2,140,9,437,373,85%,84%,16%,,3,7,31,6,31,50,48,97,55,109,416,7,11,0,0,1,2,0,0,0.80%,17.20%,13.70%,64.60%,0.80%,1.60%,0.00%,1.30%,0.00%,12,118,97,146,447,80.30%,6.50%,0.70%,0.90%,0.00%,11.60%,31.4
Emerson Boro,Bergen,2023,2.2,"1,200","7,263",78.30%,0.70%,7.60%,0.00%,11.40%,0.00%,0.00%,2.00%,"$153,963",2.60%,21.6,425,128,"2,641","2,641",100%,89%,11%,,0,128,101,81,150,287,556,"1,001",105,232,"2,359",0,123,78,14,39,28,0,0,87.80%,5.90%,1.20%,5.10%,0.00%,0.00%,0.00%,0.00%,0.00%,60,584,"1,354",643,"3,707",68.50%,4.20%,6.70%,3.70%,0.90%,16.10%,29.5
Englewood City,Bergen,2023,4.9,"2,459","29,342",30.40%,19.00%,32.00%,0.30%,13.00%,0.00%,3.20%,2.20%,"$101,398",9.80%,38.1,121,626,"12,047","11,258",93%,53%,47%,,47,"1,008","1,427",679,"1,069","1,001",599,"1,357","1,679","3,181","4,753","1,043",929,424,833,776,"3,288",1,0,69.80%,20.20%,3.80%,4.70%,0.00%,0.00%,0.30%,0.50%,0.60%,928,"4,690","4,104","1,536","15,352",59.80%,7.70%,10.60%,7.10%,2.00%,12.80%,28.4
Englewood Cliffs Boro,Bergen,2023,2.1,966,"5,330",42.80%,1.80%,7.80%,0.00%,44.20%,0.00%,0.00%,3.50%,"$222,192",4.70%,18.7,505,125,"2,029","1,930",95%,84%,16%,,0,152,246,129,328,149,424,429,48,124,"1,901",68,13,13,0,11,6,17,0,92.00%,7.30%,0.70%,0.00%,0.00%,0.00%,0.00%,0.00%,0.00%,19,407,"1,039",465,"2,528",64.00%,9.20%,6.30%,0.00%,0.00%,20.50%,34.3
Englishtown Boro,Monmouth,2023,0.6,"1,337","2,075",66.50%,3.00%,16.90%,0.00%,10.00%,0.00%,2.40%,1.20%,"$101,736",14.60%,30.6,227,49,802,759,95%,61%,39%,,0,170,86,191,118,24,5,24,58,126,435,148,10,57,59,32,57,0,4,90.10%,5.40%,0.70%,2.40%,0.00%,0.90%,0.00%,0.00%,0.50%,40,332,227,160,"1,012",70.00%,5.40%,6.50%,0.80%,1.30%,16.00%,35.8
Essex Fells Boro,Essex,2023,1.4,566,"2,320",78.50%,1.80%,13.00%,0.00%,4.60%,0.00%,0.00%,2.00%,"250,000+",0.40%,13,552,5,792,724,91%,97%,3%,,0,53,42,45,35,51,81,116,71,298,730,49,8,5,0,0,0,0,0,91.20%,3.70%,2.10%,2.80%,0.00%,0.00%,0.00%,0.30%,0.00%,25,82,395,222,"1,008",57.10%,0.70%,7.70%,1.20%,0.70%,32.50%,31.9
Estell Manor City,Atlantic,2023,53.4,13,"1,612",90.90%,2.40%,1.40%,0.10%,2.20%,0.00%,1.40%,1.60%,"$107,417",2.60%,35.3,154,12,691,591,86%,96%,4%,,3,13,108,126,178,133,37,16,25,52,586,0,0,0,0,16,0,89,0,8.10%,15.40%,20.30%,22.30%,0.00%,27.20%,0.00%,5.40%,1.20%,6,77,336,172,706,89.70%,2.10%,0.00%,0.00%,1.10%,7.10%,32.3
Evesham Twp,Burlington,2023,29.2,688,"47,612",78.50%,4.80%,6.00%,0.00%,7.70%,0.00%,0.30%,2.70%,"$116,745",3.60%,22.8,407,548,"20,090","19,281",96%,72%,28%,,204,943,"2,175","4,083","5,738","3,712","1,671","1,024",120,420,"10,858","3,784",86,908,"1,339","1,338","1,777",0,0,77.40%,18.70%,1.10%,2.60%,0.00%,0.00%,0.10%,0.00%,0.10%,683,"6,760","8,077","3,761","25,602",73.50%,4.20%,1.80%,0.50%,1.20%,18.80%,27.6
Ewing Twp,Mercer,2023,15.2,974,"35,708",48.60%,28.40%,13.90%,0.00%,5.20%,0.00%,0.70%,3.10%,"$87,125",11.60%,36,143,632,"14,804","13,795",93%,67%,33%,,62,"1,191","1,131",470,"1,174","1,654","2,512","3,419","1,300","1,891","8,854","1,062",671,484,412,"1,577","1,712",32,0,74.20%,15.00%,2.30%,7.40%,0.10%,0.10%,0.10%,0.60%,0.30%,809,"5,846","4,407","2,733","16,877",72.80%,7.10%,3.50%,3.70%,1.30%,11.60%,25.2
Fair Haven Boro,Monmouth,2023,1.6,"1,301","6,182",93.00%,2.80%,2.10%,0.00%,0.40%,0.00%,0.00%,1.60%,"$237,132",1.20%,12.6,555,64,"2,082","2,072",100%,92%,8%,,36,206,104,134,52,80,179,676,196,419,"2,036",9,0,0,37,0,0,0,0,84.50%,10.00%,0.00%,5.10%,0.00%,0.00%,0.00%,0.00%,0.40%,56,472,"1,049",495,"3,013",53.50%,3.90%,16.00%,0.90%,2.30%,23.40%,39.5
Fair Lawn Boro,Bergen,2023,5.1,"2,430","35,153",66.30%,4.20%,13.20%,0.10%,13.40%,0.10%,0.70%,2.20%,"$147,952",6.10%,24.8,368,472,"12,392","12,150",98%,79%,21%,,99,370,308,273,516,523,"1,270","4,272","2,612","2,149","9,344",567,725,418,605,246,471,16,0,81.90%,7.20%,4.20%,4.80%,0.00%,0.00%,0.30%,0.60%,0.90%,724,"3,857","5,430","2,139","17,228",62.60%,5.00%,11.40%,0.60%,1.40%,18.90%,31.2
Fairfield Twp (Cumberland),Cumberland,2023,41.1,44,"5,469",25.10%,43.20%,22.70%,4.40%,0.60%,0.00%,1.10%,2.90%,"$61,506",8.40%,51.1,39,74,"1,826","1,607",88%,78%,22%,,0,15,112,257,220,329,242,322,85,244,"1,499",12,53,0,1,0,0,261,0,44.70%,9.00%,5.40%,36.70%,0.00%,0.80%,0.20%,2.60%,0.60%,69,546,496,496,"1,867",77.10%,13.40%,2.40%,0.10%,1.00%,6.00%,25
Fairfield Twp (Essex),Essex,2023,10.1,302,"7,712",84.60%,1.20%,10.10%,0.00%,2.70%,0.00%,0.00%,1.40%,"$113,750",10.00%,29.8,252,690,"3,054","3,003",98%,79%,21%,,31,63,763,113,191,441,"1,030",272,62,88,"2,327",141,51,0,95,16,424,0,0,78.30%,14.40%,1.70%,3.90%,0.00%,0.00%,0.00%,0.00%,1.70%,178,738,"1,362",725,"3,242",79.60%,3.00%,3.50%,0.00%,1.60%,12.30%,24.2
Fairview Boro,Bergen,2023,0.8,"7,155","14,920",29.00%,1.10%,62.90%,0.30%,4.40%,0.00%,0.10%,2.30%,"$64,152",17.70%,46,53,297,"5,724","5,580",97%,35%,65%,,43,158,149,398,371,749,629,"1,178",836,"1,213","1,195",420,"1,517",917,489,324,862,0,0,69.60%,15.40%,4.90%,5.30%,0.40%,0.00%,0.30%,0.00%,4.10%,"1,192","2,680","1,382",326,"7,736",51.30%,16.60%,16.20%,3.70%,5.30%,7.00%,31
Fanwood Boro,Union,2023,1.3,"2,141","7,714",69.80%,3.70%,11.40%,0.00%,8.30%,0.00%,0.50%,6.40%,"$176,667",1.40%,16.3,534,88,"2,783","2,776",100%,87%,14%,,10,206,142,56,43,159,209,"1,011",209,738,"2,360",124,50,45,0,31,152,21,0,80.00%,8.60%,0.50%,11.00%,0.00%,0.00%,0.00%,0.00%,0.00%,135,601,"1,343",697,"4,152",58.50%,3.80%,11.70%,0.60%,0.80%,24.70%,42.8
Far Hills Boro,Somerset,2023,4.8,91,"1,004",77.50%,1.50%,13.30%,0.00%,4.90%,0.00%,0.00%,2.90%,"$152,188",5.30%,20.9,459,31,435,417,96%,83%,17%,,0,8,47,154,74,9,19,26,7,91,264,107,9,31,1,13,10,0,0,57.60%,5.00%,6.00%,26.40%,0.50%,1.90%,0.00%,0.00%,2.60%,3,147,113,154,568,68.00%,6.50%,2.60%,2.10%,0.00%,20.80%,32.7
Farmingdale Boro,Monmouth,2023,0.5,"1,188","1,399",82.80%,2.30%,11.10%,0.00%,0.00%,0.00%,0.10%,3.70%,"$97,574",2.20%,33.1,190,37,594,582,98%,57%,43%,,3,37,22,8,63,208,34,95,37,87,342,0,44,18,126,59,5,0,0,82.80%,11.00%,0.00%,3.40%,0.00%,0.30%,0.00%,0.00%,2.40%,20,224,184,154,688,82.10%,7.70%,0.90%,1.90%,0.00%,7.40%,27.3
Fieldsboro Boro,Burlington,2023,0.3,937,701,65.30%,6.00%,19.40%,0.10%,0.00%,0.00%,0.00%,9.10%,"$88,125",6.80%,35.5,152,7,281,237,84%,84%,16%,,0,25,11,65,8,13,3,39,20,97,176,81,19,3,0,0,2,0,0,89.50%,5.10%,0.00%,5.10%,0.00%,0.00%,0.00%,0.40%,0.00%,1,59,85,92,376,67.30%,9.80%,0.00%,4.80%,5.10%,13.00%,29.6
Flemington Boro,Hunterdon,2023,1.1,"1,871","4,887",54.80%,5.40%,32.00%,0.00%,5.30%,0.00%,1.80%,0.60%,"$74,213",11.90%,42.1,89,227,"2,058","1,979",96%,34%,66%,,9,24,144,114,110,498,49,386,209,515,681,152,202,334,97,305,287,0,0,76.00%,9.30%,4.70%,9.30%,0.00%,0.00%,0.00%,0.70%,0.00%,70,"1,046",623,240,"2,632",52.70%,15.00%,0.90%,8.10%,1.30%,22.00%,24.7
Florence Twp,Burlington,2023,9.8,511,"12,798",64.20%,7.70%,13.00%,0.10%,8.50%,0.00%,0.20%,6.30%,"$104,792",8.50%,30.3,240,149,"5,007","4,837",97%,82%,18%,,63,216,610,601,418,758,158,545,224,"1,414","2,666","1,559",142,177,252,34,146,18,13,77.40%,13.30%,0.70%,7.00%,0.00%,0.00%,0.20%,0.50%,0.90%,182,"1,663","1,942","1,050","6,560",77.50%,6.40%,1.10%,1.40%,1.20%,12.50%,28.7
Florham Park Boro,Morris,2023,7.3,673,"13,134",66.80%,9.00%,10.20%,0.10%,10.50%,0.00%,0.70%,2.70%,"$147,714",7.80%,20.8,461,223,"4,914","4,587",93%,70%,30%,,276,916,339,350,910,335,700,793,159,136,"2,443",653,70,150,331,469,798,0,0,76.50%,20.30%,1.30%,2.00%,0.00%,0.00%,0.00%,0.00%,0.00%,190,"1,650","1,799",948,"6,477",57.50%,5.10%,5.30%,4.50%,1.20%,26.40%,26.1
Folsom Boro,Atlantic,2023,8.3,83,"1,732",85.70%,0.60%,10.00%,0.00%,0.10%,0.00%,1.00%,2.50%,"$112,857",6.30%,33.5,181,64,686,662,97%,92%,8%,,0,19,37,35,27,229,118,143,13,65,666,9,11,0,0,0,0,0,0,70.70%,11.60%,1.20%,10.40%,0.00%,2.10%,2.70%,0.80%,0.50%,17,150,306,189,889,82.90%,8.30%,0.90%,0.00%,0.00%,7.90%,34.6
Fort Lee Boro,Bergen,2023,2.5,"7,906","39,818",38.00%,2.40%,12.40%,0.10%,44.00%,0.10%,0.50%,2.50%,"$105,535",8.40%,27.4,306,412,"19,764","18,531",94%,57%,43%,,250,"1,599",799,"1,336","2,639","3,353","4,025","3,290","1,439","1,034","2,698","1,300","1,532",434,757,820,"12,115",97,11,60.60%,30.00%,1.70%,4.40%,0.00%,0.00%,0.00%,1.10%,2.20%,"2,135","11,121","4,515",760,"19,808",47.00%,7.40%,20.70%,3.80%,1.50%,19.60%,34.7
Frankford Twp,Sussex,2023,33.9,75,"5,307",83.30%,1.00%,7.20%,0.00%,1.80%,0.00%,1.20%,5.50%,"$113,642",2.80%,26.5,326,112,"2,559","2,035",80%,90%,10%,,9,92,309,143,494,397,242,286,181,406,"2,414",23,11,33,6,0,11,61,0,6.80%,17.40%,12.20%,50.40%,0.40%,7.10%,1.50%,3.10%,1.00%,25,264,"1,018",728,"2,655",86.50%,2.10%,0.00%,0.30%,0.40%,10.70%,32.5
Franklin Boro,Sussex,2023,4.4,536,"4,938",75.80%,0.80%,19.20%,0.00%,0.20%,0.00%,1.00%,3.10%,"$90,152",8.00%,36,142,144,"2,359","2,252",95%,57%,43%,,23,27,146,133,303,313,186,234,141,853,"1,195",189,88,262,134,240,134,117,0,22.90%,8.80%,9.40%,54.40%,0.00%,2.20%,0.00%,2.20%,0.00%,234,917,639,462,"2,454",81.90%,11.30%,0.60%,1.20%,0.90%,4.00%,35.3
Franklin Lakes Boro,Bergen,2023,9.4,413,"11,011",74.20%,5.10%,7.30%,0.00%,11.70%,0.00%,0.40%,1.30%,"$230,987",3.20%,17,528,69,"3,879","3,771",97%,88%,12%,,98,283,561,360,716,693,672,328,52,116,"3,458",116,14,47,18,6,202,18,0,87.20%,8.90%,0.20%,3.60%,0.00%,0.00%,0.00%,0.00%,0.20%,81,726,"1,567","1,397","4,750",55.80%,4.70%,6.30%,1.20%,2.80%,29.20%,36.5
Franklin Twp (Gloucester),Gloucester,2023,55.8,108,"16,417",74.50%,10.10%,10.30%,0.00%,0.80%,0.00%,0.60%,3.80%,"$104,303",9.00%,37.7,124,289,"6,039","5,668",94%,87%,13%,,13,346,749,527,"1,073","1,318",664,739,332,278,"5,668",39,91,0,0,51,0,190,0,61.30%,7.20%,5.10%,23.50%,0.00%,1.60%,0.60%,0.40%,0.40%,194,"1,048","2,257","2,169","8,068",84.80%,6.70%,0.20%,1.30%,0.30%,6.60%,30.1
Franklin Twp (Hunterdon),Hunterdon,2023,23,54,"3,270",88.30%,0.00%,6.10%,0.00%,0.30%,0.00%,2.50%,2.90%,"$155,766",1.40%,19.5,484,27,"1,231","1,153",94%,89%,11%,,0,34,91,117,232,117,134,198,59,249,"1,182",5,19,18,0,0,0,7,0,5.00%,5.00%,19.70%,57.00%,0.50%,9.90%,1.00%,1.90%,0.00%,32,245,364,512,"1,852",72.90%,5.10%,5.90%,1.80%,0.20%,14.10%,31.4
Franklin Twp (Somerset),Somerset,2023,46.2,581,"68,367",28.70%,25.40%,17.70%,0.10%,24.20%,0.00%,1.30%,2.70%,"$118,034",6.20%,28.6,274,714,"26,858","26,303",98%,68%,32%,,113,"2,402","4,307","3,901","6,403","2,148","3,725","2,225",789,845,"12,326","5,445",972,"1,601","1,643","2,061","2,797",13,0,77.50%,17.40%,1.20%,2.80%,0.00%,0.00%,0.50%,0.10%,0.40%,866,"10,410","10,345","4,682","35,961",63.70%,7.40%,4.90%,0.50%,4.70%,18.80%,33.8
Franklin Twp (Warren),Warren,2023,23.4,51,"2,984",81.50%,1.00%,8.30%,0.00%,5.00%,0.00%,0.40%,3.80%,"$126,250",7.20%,25.3,353,55,"1,187","1,071",90%,90%,10%,,0,26,250,179,132,189,56,39,55,261,"1,005",27,10,12,14,0,0,119,0,41.00%,6.40%,5.10%,43.40%,1.40%,1.80%,0.00%,0.80%,0.00%,39,171,508,353,"1,618",64.80%,11.90%,0.80%,0.20%,2.00%,20.30%,35.5
Fredon Twp,Sussex,2023,17.6,72,"3,264",89.70%,0.50%,2.30%,0.00%,1.30%,0.00%,0.90%,5.30%,"$142,292",5.60%,24.5,380,40,"1,265","1,174",93%,94%,6%,,0,7,218,156,220,267,120,131,8,138,"1,241",15,6,0,0,0,3,0,0,10.40%,4.80%,20.00%,54.70%,0.00%,7.70%,0.00%,2.50%,0.00%,28,156,558,432,"1,578",78.90%,3.00%,2.00%,0.00%,0.60%,15.40%,35.3
Freehold Boro,Monmouth,2023,1.9,"2,335","12,504",35.80%,6.80%,52.20%,0.00%,3.10%,0.00%,0.30%,1.80%,"$82,183",14.30%,45.2,57,269,"4,437","4,270",96%,50%,50%,,0,134,131,144,636,795,518,569,263,"1,247","2,423",365,334,243,187,10,844,13,18,72.70%,16.20%,6.40%,2.90%,0.00%,0.10%,0.00%,0.00%,1.60%,912,"1,135","1,577",646,"6,014",54.50%,16.60%,3.70%,6.00%,7.80%,11.50%,22.6
Freehold Twp,Monmouth,2023,38.7,344,"35,517",75.20%,4.10%,11.40%,0.00%,6.20%,0.00%,0.10%,3.00%,"$125,739",6.00%,25,364,439,"13,297","12,886",97%,83%,17%,,102,266,"1,389","3,027","2,744","2,336","2,176",732,144,381,"8,436","2,051",156,292,"1,147",231,621,363,0,82.50%,11.70%,1.10%,3.50%,0.00%,0.20%,0.50%,0.30%,0.20%,877,"3,411","5,434","3,164","17,668",66.50%,7.70%,3.60%,0.20%,1.60%,20.40%,32.5
Frelinghuysen Twp,Warren,2023,23.6,35,"2,020",88.80%,1.80%,6.80%,0.00%,1.20%,0.00%,0.00%,1.30%,"$122,006",2.30%,24.5,381,23,826,775,94%,94%,6%,,0,19,40,167,190,97,48,63,34,168,811,2,11,0,0,0,0,2,0,1.20%,8.40%,10.70%,64.30%,0.00%,5.70%,0.00%,8.30%,1.50%,20,132,277,346,974,79.00%,2.20%,1.10%,3.10%,1.20%,13.40%,35.4
Frenchtown Boro,Hunterdon,2023,1.1,633,"1,609",77.80%,0.20%,9.60%,0.00%,6.20%,0.00%,1.00%,5.30%,"$107,969",7.30%,26,343,62,696,685,98%,56%,44%,,12,11,18,21,22,77,71,68,29,367,389,54,92,70,22,50,19,0,0,35.90%,30.40%,4.40%,26.40%,0.00%,0.40%,1.90%,0.00%,0.60%,38,263,250,134,844,64.20%,5.70%,4.40%,7.90%,1.10%,16.70%,30.9
Galloway Twp,Atlantic,2023,88.7,162,"37,780",64.70%,8.60%,12.90%,0.10%,7.50%,0.00%,0.70%,5.70%,"$90,622",6.90%,34.7,164,488,"14,402","13,841",96%,80%,20%,,56,357,"3,197","2,157","4,531","1,462","1,072",523,205,842,"10,005","1,436",144,552,"1,062",540,483,138,42,79.70%,9.70%,2.60%,4.30%,0.00%,1.00%,1.50%,0.60%,0.70%,822,"4,205","5,506","3,308","18,283",77.70%,10.60%,1.20%,1.90%,1.00%,7.70%,24.3
Garfield City,Bergen,2023,2.1,"5,826","32,502",44.40%,5.10%,45.40%,0.00%,3.90%,0.00%,0.20%,0.90%,"$75,701",14.20%,45.4,55,495,"12,234","11,541",94%,45%,55%,,0,372,513,633,545,948,"1,673","2,568","1,647","3,335","2,631",889,"5,806","1,335",543,217,781,32,0,79.50%,13.20%,3.10%,3.20%,0.00%,0.00%,0.00%,0.50%,0.50%,"1,148","4,293","4,094","2,006","16,578",68.90%,8.80%,6.80%,4.90%,3.70%,6.80%,27.8
Garwood Boro,Union,2023,0.7,"2,990","4,688",69.50%,0.00%,21.10%,0.00%,3.30%,0.00%,4.00%,2.20%,"$100,948",9.20%,25.2,356,129,"2,093","2,054",98%,55%,45%,,29,69,56,34,108,163,100,686,290,558,937,78,581,203,85,0,209,0,0,83.50%,9.60%,1.80%,3.80%,0.00%,0.00%,1.20%,0.00%,0.00%,258,700,807,289,"2,532",68.70%,4.90%,7.80%,3.60%,0.40%,14.50%,29.6
Gibbsboro Boro,Camden,2023,2.2,389,"2,337",80.60%,4.20%,9.10%,0.00%,3.50%,0.00%,0.00%,2.70%,"$99,881",4.60%,34.2,172,96,855,802,94%,91%,10%,,0,0,16,80,86,78,218,222,66,89,799,1,2,22,0,0,31,0,0,93.60%,3.20%,1.20%,1.50%,0.00%,0.00%,0.00%,0.40%,0.00%,36,163,407,196,950,67.30%,1.90%,6.80%,0.20%,5.50%,18.30%,28.2
Glassboro Boro,Gloucester,2023,9.3,920,"23,375",61.90%,17.40%,10.40%,0.00%,6.50%,0.00%,0.90%,3.00%,"$80,388",16.40%,41.1,98,275,"8,558","7,877",92%,60%,40%,,50,"1,563",592,"1,651","1,044","1,210",630,"1,074",273,471,"4,997",752,311,293,284,754,"1,167",0,0,81.20%,13.90%,1.90%,2.80%,0.00%,0.10%,0.20%,0.00%,0.00%,897,"2,497","3,155","1,328","10,810",70.70%,5.80%,2.50%,5.20%,2.00%,13.80%,28.4
Glen Gardner Boro,Hunterdon,2023,1.5,499,"1,702",76.00%,0.90%,20.60%,0.00%,0.50%,0.00%,0.00%,2.00%,"$98,750",3.50%,29,266,15,748,733,98%,73%,27%,,0,3,0,73,341,41,74,48,7,161,401,100,22,75,31,77,36,6,0,64.10%,14.60%,1.60%,18.70%,0.00%,0.00%,0.00%,1.00%,0.00%,16,292,239,186,942,80.30%,3.00%,2.40%,1.70%,0.00%,12.60%,38.8
Glen Ridge Boro,Essex,2023,1.3,"1,964","7,827",72.00%,3.30%,13.40%,0.00%,5.80%,0.00%,0.30%,5.30%,"$248,016",1.00%,12.8,553,20,"2,553","2,488",97%,93%,7%,,45,0,91,15,76,79,79,83,92,"1,993","2,145",37,27,55,0,12,277,0,0,79.30%,8.00%,2.90%,8.00%,0.00%,0.00%,0.00%,1.80%,0.00%,38,967,"1,306",177,"3,632",35.00%,4.50%,27.80%,1.80%,1.70%,29.10%,38.2
Glen Rock Boro,Bergen,2023,2.7,"1,391","12,082",75.50%,1.30%,4.80%,0.10%,14.30%,0.00%,0.60%,3.40%,"$210,369",1.70%,15.8,539,108,"3,755","3,678",98%,91%,9%,,65,180,221,84,173,64,168,"1,119",363,"1,318","3,375",127,132,6,0,31,74,10,0,89.10%,7.00%,2.10%,1.20%,0.00%,0.00%,0.00%,0.60%,0.00%,91,791,"2,097",699,"5,552",43.50%,6.10%,16.60%,0.60%,0.90%,32.30%,38.4
Gloucester City,Camden,2023,2.3,"1,973","11,465",68.30%,5.90%,19.30%,0.00%,4.70%,0.00%,0.40%,1.30%,"$70,942",13.20%,50.4,42,269,"4,538","4,117",91%,57%,43%,,133,30,293,166,409,211,288,570,361,"2,077","1,946","1,278",369,184,157,112,356,136,0,73.20%,19.90%,1.60%,5.10%,0.00%,0.00%,0.20%,0.00%,0.00%,674,"1,138","1,722",583,"4,924",73.90%,11.10%,0.60%,6.00%,2.20%,6.30%,21.1
Gloucester Twp,Camden,2023,23,"1,147","65,961",64.50%,17.10%,9.20%,0.00%,4.30%,0.00%,0.40%,4.50%,"$97,936",8.00%,33.3,186,623,"26,390","25,001",95%,73%,28%,,102,"1,070","2,690","4,083","4,032","6,848","3,194","2,705",601,"1,065","15,428","4,403",737,580,"1,379","1,600","1,954",309,0,76.90%,16.80%,1.10%,4.30%,0.00%,0.00%,0.40%,0.00%,0.40%,"1,570","7,979","10,219","5,233","33,225",73.40%,7.70%,3.70%,0.30%,1.10%,13.70%,30.2
Green Brook Twp,Somerset,2023,4.4,541,"6,982",55.40%,0.00%,17.40%,0.00%,25.50%,0.00%,0.10%,1.60%,"$218,864",5.70%,20.9,458,183,"2,381","2,272",95%,93%,7%,,0,37,561,541,153,328,234,388,82,57,"1,698",210,20,70,216,83,77,7,0,92.90%,4.40%,0.00%,1.70%,0.00%,0.00%,0.90%,0.00%,0.00%,34,468,989,781,"3,868",64.40%,8.60%,2.90%,0.40%,2.00%,21.70%,31.1
Green Twp,Sussex,2023,16,77,"3,644",83.20%,2.60%,12.10%,0.00%,0.50%,0.00%,1.00%,0.70%,"$137,083",2.80%,20,478,31,"1,237","1,237",100%,98%,3%,,0,0,89,237,316,342,88,52,35,78,"1,237",0,0,0,0,0,0,0,0,4.20%,19.20%,25.20%,39.00%,0.00%,5.30%,1.30%,5.80%,0.00%,15,224,597,401,"1,836",76.10%,10.40%,0.90%,1.70%,0.70%,10.10%,31.4
Greenwich Twp (Cumberland),Cumberland,2023,9,38,736,87.60%,1.80%,8.20%,0.70%,0.50%,0.00%,0.00%,1.20%,"$87,000",7.20%,29.9,248,7,338,310,92%,92%,8%,,0,0,19,36,31,42,21,53,3,133,333,0,5,0,0,0,0,0,0,1.90%,8.40%,14.50%,65.50%,0.60%,8.40%,0.30%,0.30%,0.00%,7,70,127,106,306,80.10%,6.90%,0.30%,0.70%,1.60%,10.50%,28.9
Greenwich Twp (Gloucester),Gloucester,2023,17.8,113,"4,942",78.70%,6.20%,9.80%,0.30%,2.50%,0.00%,0.00%,2.50%,"$90,508",6.60%,34.6,166,82,"2,010","1,970",98%,85%,15%,,0,7,127,98,169,413,298,321,246,331,"1,720",68,58,0,0,0,97,67,0,51.60%,11.50%,2.70%,30.40%,0.00%,0.40%,2.30%,1.10%,0.00%,172,529,764,505,"2,286",82.40%,5.90%,1.30%,0.40%,0.00%,10.00%,28.4
Greenwich Twp (Warren),Warren,2023,10.6,166,"5,481",71.40%,7.00%,8.20%,0.10%,8.90%,0.00%,0.00%,4.40%,"$172,417",2.40%,19.1,495,58,"1,761","1,761",100%,95%,5%,,0,0,414,743,150,162,109,98,0,85,"1,701",26,4,30,0,0,0,0,0,75.00%,5.20%,2.20%,14.10%,0.00%,2.00%,0.00%,1.50%,0.00%,24,235,763,739,"2,922",76.90%,3.80%,0.90%,0.40%,0.00%,18.10%,41.5
Guttenberg Town,Hudson,2023,0.2,"26,430","11,638",18.10%,2.20%,69.00%,0.00%,7.00%,0.00%,1.20%,2.40%,"$77,636",13.80%,43.4,74,204,"5,286","4,953",94%,36%,64%,,12,633,529,311,568,"1,562",532,285,364,490,144,240,"1,115",622,680,618,"1,867",0,0,59.40%,33.60%,3.60%,1.80%,0.00%,0.00%,0.00%,0.30%,1.20%,"1,724","2,094","1,046",89,"6,103",41.50%,6.00%,25.70%,9.10%,3.70%,14.00%,37.8
Hackensack City,Bergen,2023,4.2,"5,096","45,768",27.60%,19.70%,36.00%,0.00%,12.10%,0.00%,0.70%,3.80%,"$82,212",11.30%,40.5,105,"1,252","21,405","20,305",95%,38%,62%,,421,911,845,"1,022","2,692","3,826","3,911","2,712","1,530","3,535","4,870",491,"2,047",722,839,"1,807","10,595",34,0,52.50%,37.90%,3.70%,3.60%,0.00%,0.00%,0.00%,1.00%,1.30%,"2,882","11,152","4,500","1,771","25,403",60.60%,7.10%,13.20%,5.20%,3.30%,10.60%,28.8
Hackettstown Town,Warren,2023,3.6,"1,062","10,143",63.80%,3.70%,25.70%,0.00%,4.70%,0.00%,0.90%,1.20%,"$91,250",7.80%,30.6,231,295,"3,823","3,790",99%,59%,41%,,17,202,444,269,270,477,862,417,119,746,"2,159",319,149,170,275,227,471,53,0,68.90%,12.70%,1.60%,16.00%,0.00%,0.00%,0.00%,0.30%,0.60%,196,"1,189","1,581",824,"5,209",71.60%,10.50%,1.00%,4.50%,2.60%,9.80%,30.9
Haddon Heights Boro,Camden,2023,1.6,"2,053","7,488",90.30%,1.50%,4.30%,0.00%,1.40%,0.00%,0.00%,2.50%,"$126,055",2.40%,23.2,398,178,"3,284","3,121",95%,78%,22%,,14,25,80,28,85,161,192,900,300,"1,499","2,551",137,148,43,33,87,285,0,0,83.70%,8.10%,0.70%,7.00%,0.00%,0.00%,0.00%,0.50%,0.00%,206,949,"1,387",579,"4,010",63.60%,4.80%,4.60%,0.60%,1.70%,24.70%,23.6
Haddon Twp,Camden,2023,2.7,"2,721","15,398",84.20%,3.60%,5.80%,0.00%,2.00%,0.00%,0.00%,4.40%,"$112,255",6.50%,24.7,372,282,"7,348","6,801",93%,66%,34%,,0,380,75,112,248,548,"1,341","1,774",895,"1,975","4,708",146,163,392,102,357,"1,480",0,0,73.50%,17.90%,0.60%,6.50%,0.00%,0.00%,0.10%,0.50%,0.90%,653,"2,620","2,739",789,"7,947",63.90%,4.20%,6.90%,0.90%,0.90%,23.20%,26.5
Haddonfield Boro,Camden,2023,2.8,"1,581","12,502",87.40%,0.80%,5.00%,0.00%,2.00%,0.00%,0.30%,4.50%,"$190,882",2.70%,16.4,533,278,"4,426","4,232",96%,83%,17%,,36,174,156,97,149,233,172,804,349,"2,256","3,525",319,111,114,67,48,231,11,0,81.40%,12.00%,0.90%,4.70%,0.00%,0.00%,0.00%,0.00%,1.00%,163,"1,146","2,176",747,"5,782",58.70%,4.20%,7.90%,1.70%,0.60%,26.90%,28.9
Hainesport Twp,Burlington,2023,6.5,400,"6,028",69.50%,5.60%,11.20%,0.00%,6.60%,0.00%,6.00%,1.20%,"$137,610",1.90%,22.3,413,142,"2,601","2,507",96%,91%,9%,,79,20,"1,123",284,123,318,87,215,62,290,"2,371",148,37,0,0,24,0,21,0,64.30%,19.70%,3.70%,11.80%,0.00%,0.00%,0.50%,0.00%,0.00%,248,332,"1,178",749,"3,090",76.10%,1.10%,1.10%,5.20%,0.60%,15.90%,28.3
Haledon Boro,Passaic,2023,1.2,"2,765","8,936",25.40%,11.10%,55.20%,0.60%,3.40%,0.00%,0.00%,4.40%,"$94,178",9.30%,43,80,163,"3,318","3,252",98%,48%,52%,,0,127,115,93,346,633,401,371,221,"1,011","1,202",138,"1,214",351,37,94,282,0,0,80.10%,11.70%,5.70%,1.40%,0.00%,0.30%,0.30%,0.00%,0.40%,290,"1,287","1,062",613,"4,601",74.10%,10.20%,5.00%,0.00%,3.40%,7.30%,24.9
Hamburg Boro,Sussex,2023,1.1,"1,432","3,293",63.90%,4.50%,25.50%,0.00%,4.00%,0.00%,0.00%,2.10%,"$90,655",7.60%,28.8,268,74,"1,575","1,575",100%,76%,24%,,36,23,283,169,415,168,91,108,17,265,621,411,204,83,156,100,0,0,0,55.70%,20.70%,0.00%,18.20%,0.00%,4.60%,0.00%,0.80%,0.00%,23,771,476,305,"1,939",71.80%,9.30%,0.00%,0.00%,5.90%,12.90%,33.5
Hamilton Twp (Atlantic),Atlantic,2023,110.9,104,"27,884",57.10%,14.80%,15.50%,0.00%,4.80%,0.00%,0.10%,7.70%,"$85,582",7.50%,38.4,119,316,"11,531","10,980",95%,70%,31%,,98,"1,216","2,709","1,867","2,199","1,362",563,578,177,762,"5,998","2,236",273,627,949,787,163,498,0,69.80%,19.10%,4.30%,4.90%,0.00%,1.30%,0.10%,0.30%,0.40%,686,"3,985","4,371","1,938","13,087",80.40%,7.50%,0.30%,1.00%,3.00%,7.90%,27.8
Hamilton Twp (Mercer),Mercer,2023,39.4,940,"91,802",58.70%,13.00%,21.50%,0.00%,4.30%,0.00%,0.30%,2.20%,"$97,481",6.80%,30.6,229,"1,682","37,027","35,853",97%,72%,28%,,167,"1,017","2,100","1,834","3,861","5,170","6,252","8,312","3,047","5,267","23,795","3,771","1,508","1,363","1,096","2,391","2,863",191,49,74.70%,17.30%,1.50%,5.20%,0.10%,0.00%,0.10%,0.30%,0.80%,"2,324","11,087","13,367","9,075","45,855",75.90%,8.80%,2.30%,0.60%,1.30%,11.00%,25.2
Hammonton Town,Atlantic,2023,40.7,151,"14,746",69.00%,1.80%,26.70%,0.00%,1.80%,0.00%,0.00%,0.60%,"$83,044",11.20%,41.3,93,443,"6,145","5,705",93%,71%,29%,,0,33,961,635,502,950,810,725,360,"1,169","4,202",422,525,318,292,174,207,5,0,71.70%,15.20%,0.90%,10.30%,0.00%,0.90%,0.60%,0.50%,0.00%,188,"1,932","2,226","1,359","7,051",72.10%,14.30%,0.20%,1.80%,3.20%,8.40%,26.3
Hampton Boro,Hunterdon,2023,1.5,341,"1,127",79.90%,1.70%,7.20%,0.00%,5.40%,0.00%,0.80%,5.10%,"$77,222",13.50%,41.4,92,23,511,494,97%,72%,28%,,8,14,41,12,82,77,17,59,11,190,340,17,56,40,5,14,18,21,0,21.90%,17.00%,6.30%,48.40%,0.00%,2.80%,0.00%,2.40%,1.20%,6,173,192,123,490,70.20%,11.00%,3.10%,1.00%,0.00%,14.70%,31.6
Hampton Twp,Sussex,2023,24.6,87,"4,910",87.40%,0.40%,5.20%,0.10%,1.60%,0.00%,0.20%,5.00%,"$105,636",5.80%,28,289,77,"2,138","2,054",96%,88%,12%,,13,57,125,216,552,337,303,326,76,133,"1,629",308,13,23,22,8,7,128,0,23.60%,8.60%,11.60%,51.80%,0.00%,4.10%,0.00%,0.40%,0.00%,106,542,938,468,"2,108",73.50%,6.60%,0.00%,2.70%,0.00%,17.10%,28.2
Hanover Twp,Morris,2023,10.5,558,"14,627",70.30%,0.40%,9.50%,0.00%,15.20%,0.00%,1.40%,3.30%,"$159,681",3.00%,20.9,455,352,"5,861","5,754",98%,81%,19%,,0,549,590,974,426,897,806,"1,199",159,261,"3,858",703,125,156,465,285,269,0,0,88.30%,8.60%,1.70%,1.10%,0.00%,0.00%,0.00%,0.10%,0.10%,251,"1,748","2,457","1,298","7,618",67.20%,8.20%,2.10%,0.00%,0.40%,22.10%,24.7
Harding Twp,Morris,2023,20.1,78,"3,882",83.60%,2.50%,4.30%,0.20%,3.80%,0.00%,0.00%,5.60%,"$178,810",3.80%,20.3,470,47,"1,574","1,516",96%,82%,18%,,8,43,115,153,272,180,136,225,127,315,"1,335",140,0,21,67,0,11,0,0,83.80%,1.80%,2.80%,11.10%,0.00%,0.00%,0.00%,0.00%,0.50%,23,303,641,549,"1,519",69.40%,1.70%,12.20%,0.00%,1.10%,15.60%,34.3
Hardwick Twp,Warren,2023,37.5,15,"1,436",89.60%,2.60%,7.00%,0.00%,0.90%,0.00%,0.00%,0.00%,"$124,167",8.00%,28.6,276,3,557,498,89%,87%,13%,,8,5,62,68,126,97,45,50,28,68,537,4,0,10,6,0,0,0,0,4.20%,10.60%,16.30%,52.20%,0.00%,16.70%,0.00%,0.00%,0.00%,17,97,181,203,681,69.60%,11.70%,0.00%,2.50%,1.90%,14.20%,32.9
Hardyston Twp,Sussex,2023,32,123,"8,239",77.50%,5.80%,10.00%,0.00%,1.50%,0.00%,0.20%,5.00%,"$119,103",7.50%,28.8,269,154,"3,946","3,631",92%,81%,19%,,0,146,"1,084",612,220,567,346,537,253,181,"2,182","1,108",116,80,253,162,14,0,31,49.00%,10.30%,6.70%,28.70%,0.00%,3.20%,0.00%,1.30%,0.90%,109,"1,055","1,496",971,"4,268",71.00%,5.80%,1.30%,0.10%,1.90%,19.90%,41.4
Harmony Twp,Warren,2023,23.8,44,"2,515",94.60%,0.30%,1.80%,0.00%,3.20%,0.00%,0.00%,0.00%,"$93,478",3.20%,27.6,301,48,"1,049",978,93%,91%,9%,,0,5,35,12,227,172,167,102,54,275,990,15,13,0,0,17,0,14,0,5.10%,4.70%,7.80%,69.40%,1.00%,8.60%,0.00%,3.00%,0.40%,27,217,283,451,"1,248",79.40%,4.30%,0.00%,0.90%,1.80%,13.60%,34.2
Harrington Park Boro,Bergen,2023,1.8,"1,032","4,883",69.80%,0.00%,7.20%,0.00%,19.20%,0.00%,0.20%,3.50%,"$180,515",5.80%,18.6,507,28,"1,858","1,776",96%,96%,4%,,0,58,90,107,114,341,313,364,49,422,"1,708",20,25,0,0,30,75,0,0,86.50%,11.10%,0.60%,1.20%,0.00%,0.50%,0.00%,0.00%,0.00%,21,447,769,539,"2,268",67.50%,4.50%,5.10%,2.10%,0.40%,20.50%,32.3
Harrison Town,Hudson,2023,1.2,"8,021","19,599",24.70%,4.90%,43.50%,0.80%,22.00%,0.00%,0.60%,3.60%,"$82,290",13.90%,35.9,145,296,"9,625","8,991",93%,19%,81%,,546,"3,000",497,480,478,636,922,565,358,"2,143",513,398,"2,197","1,370",888,442,"3,769",48,0,55.80%,35.90%,6.00%,0.70%,0.00%,0.00%,0.00%,0.40%,1.30%,"2,956","4,270","1,563",202,"11,153",30.50%,7.60%,29.60%,8.70%,5.00%,18.60%,36.8
Harrison Twp,Gloucester,2023,18.9,229,"13,679",81.90%,4.40%,4.90%,0.00%,5.60%,0.30%,0.70%,2.30%,"$169,048",3.90%,21.3,438,139,"4,330","4,170",96%,92%,8%,,12,545,"1,398","1,030",412,236,348,83,60,206,"3,947",140,0,38,50,57,98,0,0,83.90%,6.10%,1.50%,6.80%,0.00%,0.10%,1.50%,0.00%,0.00%,89,608,"1,984","1,489","6,846",69.50%,7.10%,0.20%,1.00%,0.60%,21.60%,26.2
Harvey Cedars Boro,Ocean,2023,0.6,"2,040",478,93.10%,0.20%,0.60%,0.00%,2.10%,0.00%,0.80%,3.10%,"$148,333",6.30%,16.1,538,26,"1,224",236,19%,96%,4%,Yes,5,109,229,104,228,171,192,65,61,60,"1,169",31,23,0,0,0,1,0,0,89.80%,8.90%,0.40%,0.00%,0.00%,0.00%,0.80%,0.00%,0.00%,8,85,97,46,190,69.50%,3.20%,1.60%,0.00%,3.20%,22.60%,27.3
Hasbrouck Heights Boro,Bergen,2023,1.5,"3,029","12,067",53.40%,3.40%,27.50%,0.20%,11.70%,0.00%,2.40%,1.40%,"$118,670",9.40%,30.9,220,193,"4,544","4,360",96%,70%,30%,,0,72,50,67,212,198,628,"1,735",636,946,"2,999",59,448,245,77,62,640,14,0,81.60%,10.90%,2.40%,4.80%,0.00%,0.00%,0.00%,0.30%,0.00%,241,"1,645","1,518",956,"6,423",65.30%,8.20%,12.60%,1.70%,0.50%,11.70%,31.4
Haworth Boro,Bergen,2023,1.9,624,"3,321",65.40%,2.40%,7.90%,0.10%,13.70%,0.00%,0.70%,9.80%,"$227,841",3.70%,17.2,524,41,"1,186","1,053",89%,95%,5%,,14,66,42,21,55,24,170,275,119,400,"1,169",2,15,0,0,0,0,0,0,90.50%,5.80%,1.20%,0.50%,0.00%,0.00%,0.00%,1.40%,0.60%,20,146,596,291,"1,587",62.90%,3.30%,5.80%,0.00%,1.10%,26.80%,34.9
Hawthorne Boro,Passaic,2023,3.3,"2,434","19,472",69.10%,3.40%,23.90%,0.00%,1.20%,0.00%,0.40%,2.00%,"$118,093",5.10%,27.8,294,418,"8,033","7,613",95%,68%,32%,,59,178,262,152,819,777,862,"1,314",965,"2,645","4,214",636,"2,114",294,179,184,399,13,0,87.50%,6.80%,1.80%,3.50%,0.00%,0.00%,0.10%,0.10%,0.20%,402,"2,289","2,965","1,957","10,923",81.30%,5.00%,2.40%,1.60%,0.30%,9.40%,24.8
Hazlet Twp,Monmouth,2023,5.6,"1,393","20,353",79.90%,0.60%,13.50%,0.00%,1.90%,0.00%,0.80%,3.30%,"$121,307",4.30%,26.7,320,380,"7,800","7,659",98%,89%,12%,,130,153,129,487,761,"1,461","1,618","2,535",152,374,"6,487",268,67,16,38,66,266,592,0,87.10%,7.60%,2.00%,2.70%,0.00%,0.00%,0.60%,0.00%,0.00%,612,"1,835","3,344","1,868","10,246",76.30%,5.60%,5.30%,0.70%,0.70%,11.30%,32.8
Helmetta Boro,Middlesex,2023,0.8,"1,260","2,317",69.90%,4.70%,11.30%,0.00%,10.10%,0.00%,0.00%,4.10%,"$104,143",2.90%,26.7,322,12,"1,008",984,98%,66%,34%,,0,68,203,92,220,12,54,83,77,199,418,84,11,28,37,233,186,11,0,80.60%,11.90%,2.60%,3.60%,0.00%,0.50%,0.00%,0.80%,0.00%,62,319,421,182,"1,300",82.50%,4.50%,1.30%,0.00%,1.20%,10.50%,32.3
Hi-nella Boro,Camden,2023,0.2,"2,360",984,40.80%,13.50%,24.40%,0.00%,13.10%,0.00%,0.00%,8.10%,"$75,227",3.80%,35.6,149,14,472,450,95%,36%,64%,,0,15,26,30,26,83,110,54,20,108,180,19,24,20,83,67,79,0,0,76.90%,14.20%,0.00%,4.20%,0.00%,0.40%,1.10%,0.90%,2.20%,49,174,170,57,622,67.70%,16.40%,4.00%,0.50%,3.10%,8.40%,29
High Bridge Boro,Hunterdon,2023,2.4,619,"3,584",73.20%,2.10%,12.60%,0.00%,10.10%,0.00%,0.00%,2.10%,"$116,424",3.80%,34.6,167,42,"1,485","1,475",99%,79%,21%,,0,45,43,52,319,302,78,76,113,457,"1,030",196,117,41,45,31,0,25,0,34.60%,18.40%,5.40%,38.20%,0.00%,2.20%,0.00%,1.20%,0.00%,23,368,667,417,"1,994",76.40%,3.40%,2.40%,0.00%,0.00%,17.80%,35.7
Highland Park Boro,Middlesex,2023,1.8,"3,810","14,981",55.10%,5.20%,15.00%,0.00%,20.30%,0.00%,1.20%,3.30%,"$101,991",9.20%,33.2,189,182,"6,858","6,518",95%,39%,61%,,29,499,344,380,511,856,893,"1,131",323,"1,892","2,263",445,538,"1,378",593,470,"1,171",0,0,67.80%,22.50%,2.50%,5.20%,0.00%,0.00%,0.00%,1.50%,0.50%,896,"2,557","2,314",751,"8,448",57.90%,6.10%,6.00%,3.00%,2.90%,24.20%,27.5
Highlands Boro,Monmouth,2023,0.7,"4,280","4,575",81.00%,2.20%,6.60%,0.00%,5.60%,0.00%,0.00%,4.60%,"$90,082",7.60%,32.7,199,92,"2,996","2,616",87%,64%,36%,,15,198,238,127,537,719,174,91,164,733,"1,198",258,245,118,421,238,501,17,0,65.10%,34.90%,0.00%,0.00%,0.00%,0.00%,0.00%,0.00%,0.00%,190,"1,346",924,156,"2,176",56.40%,4.30%,10.30%,0.80%,5.40%,22.80%,39.6
Hightstown Boro,Mercer,2023,1.2,"1,730","5,869",54.50%,5.90%,33.60%,0.00%,4.90%,0.00%,0.30%,0.90%,"$107,431",1.50%,26.9,316,100,"2,076","1,967",95%,71%,29%,,0,0,68,48,406,125,124,341,210,754,"1,366",82,123,122,345,17,21,0,0,86.60%,8.70%,0.00%,4.70%,0.00%,0.00%,0.00%,0.00%,0.00%,101,420,922,524,"3,473",68.00%,15.90%,0.40%,4.40%,1.00%,10.30%,24.2
Hillsborough Twp,Somerset,2023,54.6,295,"43,477",61.00%,3.20%,10.50%,0.00%,21.40%,0.00%,0.30%,3.50%,"$153,549",2.80%,20.2,473,488,"16,105","15,859",98%,82%,18%,,82,"1,375","1,173","3,161","4,819","2,660","1,030",848,239,718,"9,747","3,199",272,493,526,"1,175",693,0,0,76.20%,15.70%,1.30%,6.00%,0.00%,0.20%,0.00%,0.10%,0.50%,539,"3,865","7,694","3,761","24,023",70.20%,3.40%,2.70%,0.60%,0.60%,22.50%,34.3
Hillsdale Boro,Bergen,2023,2.9,"1,200","10,086",80.20%,1.00%,8.60%,0.00%,7.90%,0.00%,0.90%,1.50%,"$169,862",3.90%,21.6,429,109,"3,479","3,393",98%,90%,10%,,20,29,114,85,269,195,925,920,55,867,"2,936",157,171,27,107,23,58,0,0,91.80%,4.60%,0.10%,3.40%,0.00%,0.00%,0.10%,0.00%,0.00%,94,606,"1,528","1,165","5,515",60.30%,6.70%,6.20%,0.90%,4.00%,21.80%,27.1
Hillside Twp,Union,2023,2.8,"2,696","22,179",15.80%,51.50%,25.90%,0.40%,1.80%,0.00%,2.70%,1.90%,"$98,558",9.60%,42.3,86,404,"7,550","7,125",94%,71%,29%,,14,50,88,156,132,543,"1,104","1,695","1,526","2,242","4,542",365,"1,713",582,224,44,80,0,0,79.30%,7.50%,1.90%,8.70%,0.30%,0.00%,0.10%,0.60%,1.70%,758,"2,174","2,771","1,422","11,315",67.10%,5.20%,12.70%,2.90%,4.30%,7.90%,30.9
Ho-ho-kus Boro,Bergen,2023,1.7,901,"4,230",70.30%,1.10%,9.10%,0.00%,14.10%,0.00%,0.50%,4.80%,"250,000+",0.00%,12,559,40,"1,532","1,425",93%,91%,9%,,13,71,47,69,58,208,240,270,235,321,"1,361",74,79,8,0,0,10,0,0,89.80%,9.10%,0.00%,1.10%,0.00%,0.00%,0.00%,0.00%,0.00%,9,259,744,413,"2,155",49.20%,4.10%,12.90%,2.20%,2.10%,29.40%,36.2
Hoboken City,Hudson,2023,1.3,"23,065","58,340",64.80%,3.70%,13.80%,0.10%,13.00%,0.00%,0.40%,4.30%,"$176,943",7.10%,21.5,430,972,"29,985","27,654",92%,34%,66%,,190,"3,070","6,241","2,480","2,007","1,847","1,740","1,524",930,"9,956",417,917,842,"3,965","6,157","3,429","14,252",6,0,57.40%,37.40%,2.20%,0.90%,0.00%,0.00%,0.10%,0.60%,1.30%,"9,296","15,552","2,381",425,"38,796",16.90%,1.40%,37.60%,7.90%,2.00%,34.20%,37.3
Holland Twp,Hunterdon,2023,23.5,81,"5,184",94.80%,1.00%,1.00%,0.00%,0.00%,0.00%,0.20%,3.00%,"$127,644",3.50%,23,400,32,"1,901","1,887",99%,94%,6%,,0,56,83,337,255,324,257,219,126,244,"1,770",37,11,13,36,34,0,0,0,12.50%,10.30%,15.10%,50.70%,0.80%,5.90%,1.60%,3.10%,0.00%,7,375,703,802,"2,408",77.20%,4.10%,1.50%,1.40%,2.00%,13.90%,30.7
Holmdel Twp,Monmouth,2023,17.8,365,"17,401",76.40%,0.70%,6.20%,0.00%,12.00%,0.00%,0.80%,4.00%,"$172,566",3.90%,19.6,483,240,"6,491","6,366",98%,91%,9%,,35,451,814,"1,587","1,277",644,"1,052",379,10,242,"5,035",927,20,0,83,60,240,126,0,92.30%,3.70%,1.90%,2.10%,0.00%,0.00%,0.00%,0.00%,0.00%,288,"1,375","2,751","1,952","8,069",58.60%,4.00%,10.50%,0.90%,1.70%,24.40%,37.2
Hopatcong Boro,Sussex,2023,10.9,590,"14,470",69.40%,2.10%,22.20%,0.00%,3.10%,0.00%,0.90%,2.30%,"$114,057",4.20%,27.7,298,83,"6,427","5,842",91%,90%,11%,,0,171,79,200,496,"1,478","1,022","1,811",705,465,"6,038",90,179,42,29,26,23,0,0,6.30%,19.80%,9.20%,61.30%,0.00%,1.40%,0.00%,1.40%,0.50%,40,"1,414","2,502","1,886","8,546",76.90%,6.30%,1.10%,0.00%,0.50%,15.20%,35.6
Hope Twp,Warren,2023,18.1,47,"1,837",87.10%,2.60%,5.90%,0.30%,2.30%,0.00%,0.20%,1.70%,"$106,212",8.10%,29.8,253,28,858,762,89%,85%,15%,,0,4,68,83,147,128,86,107,52,183,847,4,7,0,0,0,0,0,0,2.00%,7.60%,16.40%,60.50%,0.40%,12.60%,0.00%,0.50%,0.00%,29,150,315,268,"1,048",73.30%,11.90%,1.50%,4.00%,0.20%,9.10%,33.8
Hopewell Boro,Mercer,2023,0.7,"1,166","1,828",89.40%,1.40%,3.60%,0.00%,1.00%,0.40%,0.00%,4.10%,"$142,396",2.10%,21.6,426,69,816,747,92%,80%,21%,,0,0,46,61,41,21,84,67,48,448,591,65,68,82,10,0,0,0,0,76.60%,2.00%,0.00%,21.40%,0.00%,0.00%,0.00%,0.00%,0.00%,33,200,399,115,947,62.40%,2.20%,2.90%,5.70%,0.80%,26.00%,29.4
Hopewell Twp (Cumberland),Cumberland,2023,29.9,59,"4,372",70.70%,7.20%,16.00%,1.10%,0.00%,0.10%,1.10%,3.80%,"$87,083",7.50%,31.6,214,46,"1,779","1,607",90%,81%,19%,,0,33,130,260,240,217,318,376,59,146,"1,495",7,107,0,0,0,111,59,0,36.50%,7.30%,4.00%,43.40%,0.00%,5.10%,0.60%,3.00%,0.00%,46,491,606,464,"2,205",85.30%,5.40%,0.70%,2.70%,0.00%,6.00%,19.4
Hopewell Twp (Mercer),Mercer,2023,58.1,112,"17,469",73.90%,3.10%,3.50%,0.00%,15.10%,0.00%,0.30%,4.10%,"$177,088",3.60%,19.1,494,199,"6,504","6,067",93%,88%,12%,,0,198,539,"1,506",761,630,891,933,188,858,"5,655",531,7,136,11,46,118,0,0,55.90%,5.70%,4.10%,31.90%,0.00%,1.50%,0.10%,0.20%,0.50%,163,"1,203","2,730","1,971","8,616",62.50%,4.00%,3.00%,0.10%,0.30%,30.10%,29.4
Howell Twp,Monmouth,2023,60.3,326,"53,661",73.10%,4.80%,14.10%,0.00%,4.60%,0.00%,0.80%,2.60%,"$129,855",6.40%,24.4,382,569,"19,628","19,095",97%,90%,10%,,51,"1,339","1,904","3,320","5,696","1,926","2,978","1,366",358,690,"15,767","2,148",43,87,474,83,338,688,0,80.20%,9.80%,1.80%,5.90%,0.00%,0.80%,0.30%,0.50%,0.70%,757,"4,637","8,454","5,247","26,708",70.90%,7.60%,2.30%,1.30%,1.70%,16.20%,33.4
Independence Twp,Warren,2023,19.8,126,"5,476",83.10%,0.90%,10.60%,0.00%,2.30%,0.00%,0.00%,3.10%,"$101,282",3.50%,26.1,340,72,"2,488","2,404",97%,81%,19%,,0,0,90,964,443,274,145,199,18,355,"1,362",602,19,67,137,139,162,0,0,51.20%,14.20%,2.40%,30.00%,0.00%,2.20%,0.00%,0.00%,0.00%,39,729,908,728,"2,821",83.30%,5.20%,0.00%,0.00%,0.80%,10.70%,32.2
Interlaken Boro,Monmouth,2023,0.3,"1,267",821,95.10%,0.00%,2.80%,0.00%,0.90%,0.00%,0.00%,1.20%,"$180,972",3.40%,21.6,428,0,380,347,91%,93%,7%,,0,12,10,14,6,28,38,67,39,166,367,0,2,0,0,0,11,0,0,92.80%,4.60%,0.00%,2.00%,0.00%,0.00%,0.00%,0.00%,0.60%,0,102,143,102,381,58.30%,6.80%,7.10%,0.80%,1.00%,26.00%,32.9
Irvington Twp,Essex,2023,2.9,"8,337","60,334",2.30%,78.10%,13.30%,0.20%,0.70%,0.00%,0.80%,4.60%,"$59,232",18.10%,53.8,27,929,"24,176","22,166",92%,29%,71%,,102,717,620,"1,400","1,735","3,048","3,929","4,536","1,742","6,347","4,158","1,139","4,369","5,234","1,928","2,307","4,997",44,0,72.50%,17.50%,2.80%,5.00%,0.00%,0.10%,0.10%,0.60%,1.50%,"5,547","10,081","4,701","1,837","28,828",55.50%,15.80%,15.70%,2.70%,3.60%,6.70%,34.1
Island Heights Boro,Ocean,2023,0.6,"1,490","1,691",90.40%,2.00%,5.70%,0.00%,0.20%,0.00%,0.00%,1.80%,"$107,308",0.90%,22.3,415,34,894,790,88%,92%,8%,,0,8,55,73,136,86,37,86,38,375,857,0,4,5,0,7,21,0,0,96.50%,1.60%,0.40%,1.50%,0.00%,0.00%,0.00%,0.00%,0.00%,15,268,305,202,811,78.80%,2.80%,1.70%,2.20%,0.00%,14.40%,30.9
Jackson Twp,Ocean,2023,99.2,222,"59,352",76.00%,4.00%,13.70%,0.00%,3.30%,0.00%,0.20%,2.80%,"$108,947",7.80%,27.7,297,317,"22,061","20,993",95%,86%,14%,,172,"1,563","5,335","3,849","3,881","2,743","2,497","1,283",374,364,"17,107","1,154",81,321,410,672,904,"1,412",0,80.30%,7.70%,1.40%,9.20%,0.00%,0.50%,0.10%,0.60%,0.30%,"1,140","5,674","8,897","5,282","27,797",78.10%,8.00%,1.10%,0.70%,0.70%,11.50%,34
Jamesburg Boro,Middlesex,2023,0.9,"2,378","5,763",53.50%,1.90%,35.60%,0.00%,5.30%,0.00%,0.70%,2.90%,"$117,719",4.20%,33.1,191,104,"2,140","2,025",95%,75%,25%,,26,134,42,455,273,113,314,196,188,399,913,556,219,12,202,100,138,0,0,76.20%,13.50%,0.80%,6.30%,0.00%,0.00%,2.30%,0.00%,0.90%,87,651,822,465,"3,221",63.10%,4.60%,3.20%,2.10%,6.80%,20.20%,26.3
Jefferson Twp,Morris,2023,38.9,220,"20,535",77.00%,4.50%,10.90%,0.00%,3.50%,0.00%,0.30%,3.90%,"$115,094",5.00%,28.4,284,238,"8,555","8,082",94%,91%,9%,,25,76,"1,021","1,160","1,185",978,"1,247","1,443",704,716,"7,413",451,114,91,83,84,221,98,0,19.50%,10.60%,9.50%,57.20%,0.00%,1.50%,0.10%,0.90%,0.70%,342,"2,068","3,469","2,203","10,883",77.60%,7.60%,2.70%,0.70%,0.10%,11.30%,35.6
Jersey City,Hudson,2023,14.7,"9,023","289,691",24.00%,19.80%,25.70%,0.20%,25.50%,0.00%,1.20%,3.70%,"$94,813",15.60%,43.2,76,"4,936","132,636","123,132",93%,29%,71%,,"1,756","18,360","16,583","9,992","9,514","9,597","10,669","10,729","7,273","38,163","9,795","9,802","26,912","15,183","12,694","7,881","50,302",40,27,61.30%,30.50%,2.40%,2.70%,0.00%,0.00%,0.10%,0.60%,2.20%,"48,193","53,495","17,244","4,200","154,065",28.10%,4.70%,37.10%,5.50%,3.00%,21.60%,36.9
Keansburg Boro,Monmouth,2023,1.1,"3,707","9,729",62.90%,10.70%,20.10%,0.00%,2.20%,0.00%,0.60%,3.50%,"$87,484",11.40%,53.6,28,110,"4,078","3,603",88%,52%,48%,,0,431,40,206,319,533,576,825,329,819,"2,222",242,412,492,169,102,378,61,0,83.20%,11.60%,2.30%,1.40%,0.00%,0.00%,0.20%,0.00%,1.30%,400,"1,271","1,424",508,"4,884",67.40%,11.70%,6.50%,1.80%,7.20%,5.40%,26.9
Kearny Town,Hudson,2023,8.8,"1,743","40,570",33.50%,4.70%,50.90%,0.00%,3.50%,0.10%,2.30%,4.80%,"$83,212",12.50%,42.2,87,700,"15,340","14,756",96%,45%,55%,,79,702,453,770,906,"1,084","1,739","2,329","1,625","5,653","4,807",704,"4,275","2,221",870,"1,002","1,447",10,4,75.50%,15.20%,4.30%,3.80%,0.00%,0.00%,0.10%,0.30%,0.90%,"2,227","5,922","4,560","2,047","20,827",64.10%,10.40%,13.30%,6.00%,1.00%,5.30%,33.5
Kenilworth Boro,Union,2023,2.1,"1,456","8,339",60.90%,6.20%,27.40%,0.00%,0.70%,0.00%,4.60%,0.20%,"$126,295",6.00%,33.5,183,329,"3,058","2,880",94%,73%,27%,,20,206,3,79,40,268,302,"1,199",640,301,"2,174",117,664,19,22,0,62,0,0,78.80%,11.80%,2.70%,4.80%,0.00%,0.00%,0.00%,0.00%,1.90%,124,763,"1,255",738,"4,375",83.10%,6.90%,0.80%,1.30%,2.90%,4.90%,25
Keyport Boro,Monmouth,2023,1.4,"2,537","7,159",67.60%,4.70%,20.30%,0.00%,2.50%,0.00%,0.20%,4.70%,"$79,036",9.30%,35.1,159,230,"3,552","3,288",93%,55%,45%,,6,82,121,55,496,345,718,445,183,"1,101","1,661",271,344,206,13,104,946,7,0,77.60%,16.80%,1.90%,3.40%,0.00%,0.00%,0.00%,0.00%,0.20%,408,"1,424",826,630,"3,635",72.00%,9.60%,5.10%,2.60%,0.50%,10.20%,27.4
Kingwood Twp,Hunterdon,2023,35,46,"3,821",87.30%,0.30%,4.60%,0.00%,2.00%,0.00%,0.90%,5.00%,"$146,927",2.70%,21,452,58,"1,623","1,603",99%,89%,11%,,0,69,157,234,344,203,71,177,58,310,"1,541",22,39,0,0,0,21,0,0,6.40%,9.60%,19.60%,60.30%,0.00%,4.20%,0.00%,0.00%,0.00%,17,355,609,622,"2,172",71.00%,0.00%,0.00%,4.90%,0.00%,24.10%,33.6
Kinnelon Boro,Morris,2023,18,193,"9,971",85.50%,0.40%,5.60%,0.00%,6.70%,0.00%,0.00%,2.00%,"$178,102",2.00%,19.3,488,94,"3,467","3,333",96%,93%,7%,,9,23,397,582,403,486,669,573,172,153,"3,155",28,44,139,9,44,48,0,0,58.90%,5.00%,3.10%,31.90%,0.00%,1.20%,0.00%,0.00%,0.00%,60,607,"1,411","1,255","4,971",68.40%,7.00%,5.00%,0.10%,0.00%,19.50%,36.1
Knowlton Twp,Warren,2023,24.7,47,"2,907",89.50%,0.70%,5.20%,0.00%,0.50%,0.00%,1.20%,2.90%,"$98,750",4.10%,30.8,224,57,"1,155","1,088",94%,87%,13%,,0,15,91,272,203,135,26,113,14,286,"1,060",27,8,6,0,6,0,48,0,0.80%,14.50%,13.00%,59.50%,0.00%,9.80%,0.00%,1.40%,1.00%,25,190,482,391,"1,242",78.40%,6.30%,0.60%,0.90%,2.30%,11.60%,35.2
Lacey Twp,Ocean,2023,83.2,153,"29,164",84.70%,0.70%,12.10%,0.00%,0.50%,0.00%,0.40%,1.70%,"$100,519",4.10%,27.1,312,359,"12,691","11,232",89%,88%,12%,,26,891,"1,257","1,380","3,088","3,585","1,354",784,134,192,"12,222",161,29,25,48,8,198,0,0,85.30%,10.40%,1.50%,1.00%,0.00%,0.70%,0.30%,0.00%,0.70%,341,"2,500","4,701","3,690","14,339",76.70%,7.80%,0.70%,0.70%,0.60%,13.40%,32.7
Lafayette Twp,Sussex,2023,17.9,51,"2,462",86.80%,0.30%,10.80%,0.00%,0.10%,0.00%,0.70%,1.40%,"$118,750",7.10%,28.4,283,72,916,859,94%,90%,10%,,0,0,104,174,147,169,58,50,16,198,878,21,5,0,7,5,0,0,0,3.50%,15.60%,15.80%,55.60%,0.00%,3.80%,0.60%,3.80%,1.20%,9,98,419,333,"1,278",86.60%,4.50%,0.50%,0.40%,0.00%,7.90%,32.4
Lake Como Boro,Monmouth,2023,0.3,"3,820","1,660",76.60%,2.20%,18.60%,0.00%,0.70%,0.00%,0.00%,2.00%,"$83,056",6.70%,30.6,230,48,"1,146",834,73%,62%,38%,Yes,11,94,128,145,65,73,59,172,139,260,804,77,79,24,8,53,90,11,0,90.90%,6.00%,0.00%,2.20%,0.00%,0.00%,0.00%,0.00%,1.00%,65,365,241,163,922,75.90%,5.40%,2.20%,1.70%,4.60%,10.20%,26.4
Lakehurst Boro,Ocean,2023,0.9,"1,188","2,666",64.20%,9.00%,17.50%,0.00%,4.90%,0.00%,0.00%,4.40%,"$80,458",10.10%,44.2,68,62,"1,069","1,005",94%,64%,36%,,0,53,35,23,120,199,208,125,135,171,617,213,48,53,0,33,0,105,0,60.30%,6.70%,0.60%,31.70%,0.00%,0.00%,0.00%,0.00%,0.70%,71,284,375,275,"1,194",83.20%,3.90%,0.00%,1.70%,4.10%,7.10%,29.1
Lakewood Twp,Ocean,2023,24.7,"1,355","136,655",84.00%,1.80%,11.20%,0.00%,0.80%,0.00%,1.00%,1.20%,"$62,947",24.80%,40.8,101,788,"33,477","31,162",93%,51%,49%,,386,"6,841","6,480","4,578","3,236","5,012","3,698","1,554",392,"1,300","12,116","11,581","2,049","1,240","1,111","1,322","4,043",15,0,72.70%,21.90%,1.90%,2.60%,0.00%,0.00%,0.40%,0.00%,0.30%,"2,620","12,204","13,799","2,539","36,439",66.80%,13.50%,1.80%,3.30%,1.70%,12.80%,25.3
Lambertville City,Hunterdon,2023,1.1,"2,125","4,141",86.50%,0.50%,11.10%,0.00%,1.30%,0.00%,0.00%,0.60%,"$106,236",2.60%,26.1,337,182,"2,338","2,215",95%,77%,23%,,0,42,277,422,83,99,113,48,38,"1,216",499,"1,166",161,200,137,42,107,0,26,58.50%,20.00%,2.60%,16.50%,0.00%,1.20%,0.00%,0.00%,1.20%,96,821,"1,005",293,"2,501",69.30%,5.20%,1.50%,3.10%,0.00%,20.90%,30.5
Laurel Springs Boro,Camden,2023,0.5,"1,438","2,025",83.30%,5.50%,5.00%,0.00%,4.90%,0.00%,0.00%,1.30%,"$120,795",5.20%,32.9,198,34,719,689,96%,82%,18%,,0,4,12,54,37,82,63,123,27,317,583,26,18,15,15,48,14,0,0,79.50%,9.30%,1.20%,8.40%,0.00%,0.00%,0.00%,0.00%,1.60%,25,188,241,235,"1,012",74.40%,3.70%,4.50%,4.40%,1.60%,11.40%,29.4
Lavallette Boro,Ocean,2023,0.8,"3,725","1,836",95.20%,0.00%,2.60%,0.00%,0.70%,0.00%,0.00%,1.60%,"$120,938",2.90%,21.7,424,68,"2,980",892,30%,82%,18%,Yes,21,499,206,83,347,190,425,572,426,211,"2,352",35,268,59,84,147,30,5,0,93.50%,5.80%,0.00%,0.70%,0.00%,0.00%,0.00%,0.00%,0.00%,47,366,301,178,775,76.30%,0.80%,1.80%,2.70%,0.80%,17.70%,39.3
Lawnside Boro,Camden,2023,1.4,920,"3,124",3.80%,72.50%,19.60%,0.00%,0.60%,0.00%,0.70%,2.90%,"$70,338",19.60%,46.7,49,65,"1,288","1,196",93%,67%,33%,,0,61,202,24,41,235,263,209,105,148,948,47,78,18,61,25,111,0,0,71.70%,21.10%,0.90%,6.30%,0.00%,0.00%,0.00%,0.00%,0.00%,182,387,329,298,"1,369",69.60%,5.70%,12.60%,4.90%,2.00%,5.30%,29.9
Lawrence Twp (Cumberland),Cumberland,2023,36.9,34,"3,079",76.20%,6.80%,9.50%,2.00%,1.10%,0.00%,1.30%,3.10%,"$84,554",10.90%,46.6,51,38,"1,273","1,169",92%,87%,13%,,0,11,116,170,251,100,65,147,139,274,"1,231",26,7,0,0,0,9,0,0,29.20%,13.30%,19.50%,28.30%,0.00%,6.80%,0.50%,1.50%,0.80%,49,167,530,423,"1,517",88.10%,5.00%,0.00%,1.60%,2.60%,2.60%,30.1
Lawrence Twp (Mercer),Mercer,2023,21.7,581,"32,335",55.90%,12.10%,15.70%,0.00%,14.30%,0.00%,0.20%,1.80%,"$119,689",5.60%,24.8,367,462,"12,618","11,954",95%,70%,31%,,87,225,"1,347","1,450","3,147","1,855","1,734","1,423",363,987,"6,387","2,255",303,241,891,"1,408","1,133",0,0,77.00%,17.70%,0.30%,3.50%,0.00%,0.00%,0.20%,0.90%,0.40%,704,"4,033","4,531","2,686","16,191",56.20%,7.20%,6.20%,2.80%,1.00%,26.60%,29.1
Lebanon Boro,Hunterdon,2023,0.9,891,"1,664",90.80%,0.50%,5.10%,0.00%,2.00%,0.00%,0.00%,1.60%,"$108,672",5.10%,25.2,355,64,802,785,98%,55%,45%,,0,100,168,23,130,38,34,50,36,223,310,187,6,74,18,91,112,0,4,61.10%,12.40%,2.30%,23.30%,0.00%,0.00%,0.00%,0.90%,0.00%,14,388,202,181,998,62.40%,2.30%,2.80%,1.70%,0.70%,30.10%,36.4
Lebanon Twp,Hunterdon,2023,31.4,81,"6,213",88.70%,2.00%,6.50%,0.00%,0.70%,0.20%,0.50%,1.30%,"$131,626",6.70%,24.1,385,76,"2,528","2,451",97%,95%,5%,,21,58,348,255,153,531,362,198,189,413,"2,453",6,0,0,0,43,0,26,0,9.70%,5.00%,11.50%,55.70%,0.00%,10.60%,0.00%,6.30%,1.00%,80,303,"1,378",690,"3,199",75.60%,2.40%,1.20%,5.60%,1.60%,13.60%,34
Leonia Boro,Bergen,2023,1.5,"2,377","9,300",32.10%,2.60%,22.60%,0.00%,38.20%,0.30%,0.80%,3.50%,"$116,429",3.40%,25.1,361,69,"3,565","3,350",94%,70%,30%,,0,117,9,178,276,283,234,473,573,"1,422","2,176",275,194,283,140,228,260,9,0,83.20%,11.00%,2.60%,2.90%,0.00%,0.00%,0.00%,0.00%,0.30%,186,"1,382","1,350",432,"4,650",57.60%,8.10%,12.60%,3.40%,3.70%,14.60%,31.3
Liberty Twp,Warren,2023,11.7,97,"2,686",86.80%,3.30%,4.40%,0.00%,2.70%,0.00%,0.20%,2.60%,"$119,167",9.20%,28.5,281,22,"1,134","1,056",93%,88%,12%,,0,10,129,170,199,37,58,190,156,185,"1,072",10,43,9,0,0,0,0,0,1.40%,10.00%,21.10%,54.20%,2.70%,6.70%,0.70%,3.20%,0.00%,20,233,353,450,"1,611",82.10%,5.30%,0.60%,1.50%,0.00%,10.60%,34.8
Lincoln Park Boro,Morris,2023,6.4,673,"10,901",72.80%,2.90%,15.30%,0.10%,5.80%,0.00%,0.00%,3.20%,"$119,000",3.40%,26.2,336,101,"4,305","4,142",96%,78%,22%,,10,56,174,419,"1,355",473,532,574,310,402,"2,255",853,85,43,149,343,577,0,0,85.10%,5.90%,2.10%,6.30%,0.00%,0.00%,0.00%,0.60%,0.00%,52,"1,275","1,743","1,072","5,755",74.80%,4.60%,5.10%,1.90%,0.90%,12.70%,29.4
Linden City,Union,2023,10.7,"1,509","43,614",31.00%,27.20%,35.60%,0.00%,3.60%,0.00%,0.80%,1.80%,"$91,036",9.00%,39.7,112,1107,"16,142","15,290",95%,61%,39%,,53,946,666,757,"1,383","1,387","1,675","3,815","2,125","3,335","7,537",808,"4,214","1,190",504,248,"1,573",68,0,78.30%,10.00%,3.30%,5.80%,0.00%,0.00%,0.20%,0.40%,2.10%,"1,603","5,329","5,251","3,107","22,198",69.90%,12.00%,7.10%,2.40%,2.50%,6.20%,31.4
Lindenwold Boro,Camden,2023,3.9,"2,462","21,534",29.40%,33.20%,28.70%,0.20%,3.30%,0.00%,0.20%,5.10%,"$55,099",24.30%,54.2,26,137,"9,601","9,042",94%,33%,67%,,27,72,370,925,"1,272","3,173","1,617","1,231",243,671,"2,969",736,231,822,"1,598","1,516","1,667",62,0,65.00%,27.40%,2.80%,4.20%,0.00%,0.00%,0.00%,0.40%,0.10%,"1,035","4,589","2,677",741,"10,989",70.80%,12.10%,5.30%,3.20%,3.10%,5.50%,28.3
Linwood City,Atlantic,2023,3.8,752,"6,954",81.50%,2.00%,6.30%,0.00%,4.80%,0.40%,0.60%,4.60%,"$135,904",2.90%,26,341,155,"2,859","2,612",91%,90%,10%,,0,60,172,325,448,297,522,487,184,364,"2,516",142,23,73,16,14,65,10,0,84.00%,7.00%,0.70%,6.80%,0.00%,0.00%,1.20%,0.00%,0.40%,97,763,957,795,"3,319",74.00%,9.20%,0.80%,0.20%,0.90%,14.80%,24.1
Little Egg Harbor Twp,Ocean,2023,47.3,230,"21,092",86.60%,2.60%,5.60%,0.00%,1.30%,0.00%,0.40%,3.40%,"$89,441",8.90%,32.9,196,191,"10,896","8,844",81%,86%,14%,,89,"1,119","2,611","1,115","2,026","1,909","1,435",294,137,161,"9,708",655,68,134,138,110,22,61,0,83.00%,11.80%,0.70%,3.00%,0.00%,0.40%,1.00%,0.00%,0.10%,370,"2,644","3,547","2,283","9,832",79.40%,7.00%,1.30%,0.80%,1.00%,10.40%,33.5
Little Falls Twp,Passaic,2023,2.8,"2,053","14,256",70.70%,2.40%,16.10%,0.30%,7.70%,0.00%,0.50%,2.40%,"$126,518",3.60%,26.4,328,221,"5,748","5,597",97%,72%,28%,,49,103,200,299,335,749,656,"1,727",530,"1,100","3,377",194,598,392,366,191,630,0,0,82.60%,11.90%,2.70%,2.60%,0.00%,0.00%,0.00%,0.00%,0.20%,125,"2,313","2,030","1,129","7,703",64.70%,3.30%,6.80%,4.80%,1.00%,19.40%,27.4
Little Ferry Boro,Bergen,2023,1.5,"3,115","10,942",41.00%,3.80%,34.40%,0.00%,19.40%,0.00%,0.00%,1.40%,"$79,476",8.50%,35.7,146,235,"4,672","4,539",97%,43%,57%,,6,0,93,134,732,636,916,902,391,862,"1,676",209,781,415,273,624,694,0,0,62.50%,30.70%,2.20%,3.80%,0.00%,0.00%,0.30%,0.10%,0.40%,391,"1,898","1,338",912,"5,907",68.50%,9.50%,15.50%,1.10%,0.80%,4.60%,28.8
Little Silver Boro,Monmouth,2023,2.7,871,"6,096",96.70%,0.00%,1.50%,0.00%,0.60%,0.00%,0.00%,1.20%,"$220,746",2.40%,12.3,557,148,"2,352","2,252",96%,96%,4%,,0,169,87,200,107,194,397,681,117,400,"2,010",287,0,17,38,0,0,0,0,88.60%,5.60%,0.80%,4.40%,0.00%,0.00%,0.00%,0.60%,0.00%,17,430,"1,204",601,"3,198",56.30%,4.30%,11.20%,1.50%,0.00%,26.70%,36.3
Livingston Twp,Essex,2023,13.8,774,"31,128",56.60%,3.90%,5.10%,0.10%,31.40%,0.00%,0.00%,2.90%,"$218,416",2.20%,16.6,530,379,"10,684","10,425",98%,86%,14%,,213,906,764,571,456,683,"2,041","3,051","1,059",940,"9,019",626,32,129,81,109,670,18,0,89.70%,6.90%,1.60%,1.30%,0.00%,0.00%,0.00%,0.10%,0.30%,309,"2,511","5,137","2,468","14,864",51.20%,4.50%,12.10%,0.80%,0.80%,30.60%,37.1
Loch Arbour Village,Monmouth,2023,0.1,"1,890",199,85.40%,0.00%,12.10%,0.00%,2.00%,0.00%,0.00%,0.50%,"$115,417",14.10%,17.1,525,5,189,79,42%,87%,13%,Yes,0,0,0,0,4,34,0,14,0,137,178,5,1,0,5,0,0,0,0,91.10%,8.90%,0.00%,0.00%,0.00%,0.00%,0.00%,0.00%,0.00%,1,44,17,17,82,78.00%,0.00%,4.90%,1.20%,1.20%,14.60%,27.9
Lodi Boro,Bergen,2023,2.3,"4,289","25,946",39.40%,8.10%,40.50%,0.00%,8.10%,0.10%,0.90%,2.90%,"$84,570",16.00%,43.1,77,404,"9,864","9,381",95%,41%,59%,,0,156,458,662,317,"1,291","1,721","1,883","1,617","1,759","2,266",414,"4,209","1,283",412,267,667,280,66,68.00%,19.80%,3.30%,6.40%,0.20%,0.10%,0.00%,2.00%,0.30%,"1,241","3,575","3,047","1,518","13,017",67.20%,12.70%,7.60%,2.70%,2.20%,7.70%,27
Logan Twp,Gloucester,2023,21.9,95,"6,023",82.00%,8.10%,6.40%,0.10%,2.20%,0.10%,0.00%,1.20%,"$113,770",13.80%,26.4,334,213,"2,086","2,086",100%,96%,4%,,14,139,132,319,597,553,196,77,0,59,"1,761",325,0,0,0,0,0,0,0,72.20%,10.10%,1.60%,15.10%,0.00%,0.00%,1.10%,0.00%,0.00%,32,438,"1,060",556,"3,088",80.90%,2.40%,1.50%,1.40%,0.60%,13.30%,25.7
Long Beach Twp,Ocean,2023,5.4,"1,558","3,130",92.40%,0.00%,2.20%,0.00%,1.80%,0.00%,0.00%,3.60%,"$113,542",6.10%,22.1,416,124,"8,415","1,490",18%,90%,10%,Yes,39,"1,013","1,288",671,998,813,"1,342","1,402",490,359,"7,869",78,298,57,64,0,37,12,0,85.80%,9.10%,0.90%,2.10%,1.80%,0.00%,0.30%,0.00%,0.00%,31,527,713,219,"1,147",57.90%,2.40%,4.00%,1.00%,3.20%,31.60%,28.1
Long Branch City,Monmouth,2023,5.1,"2,968","32,184",53.30%,11.50%,23.10%,0.00%,2.00%,0.00%,3.40%,6.80%,"$73,381",16.20%,43.2,75,426,"15,135","13,052",86%,41%,59%,,100,729,"1,957",856,"2,080","1,755","1,809","1,383",818,"3,648","5,041","1,749","1,347","1,238",820,643,"4,240",57,0,74.10%,20.30%,1.80%,1.40%,0.00%,0.00%,0.40%,0.90%,1.10%,"1,634","5,342","4,365","1,711","15,631",56.00%,23.50%,4.80%,2.40%,5.00%,8.30%,31.2
Long Hill Twp,Morris,2023,11.8,257,"8,609",75.10%,0.00%,13.70%,0.00%,7.10%,0.00%,0.50%,3.60%,"$165,112",5.40%,20.4,466,156,"3,038","3,002",99%,87%,13%,,5,40,125,297,464,375,500,383,196,653,"2,534",250,177,9,0,20,40,8,0,84.80%,4.00%,0.80%,9.50%,0.00%,0.40%,0.20%,0.00%,0.30%,41,655,"1,625",681,"4,424",65.90%,4.60%,3.30%,2.50%,0.60%,23.00%,25.8
Longport Boro,Atlantic,2023,0.4,"3,945",897,96.00%,0.00%,1.90%,0.00%,2.10%,0.00%,0.00%,0.00%,"$103,523",6.80%,21,451,5,"1,578",491,31%,93%,7%,Yes,24,217,171,85,101,386,171,208,124,91,"1,161",47,8,4,29,2,327,0,0,81.70%,18.30%,0.00%,0.00%,0.00%,0.00%,0.00%,0.00%,0.00%,26,227,184,54,278,73.40%,0.00%,2.90%,1.10%,0.00%,22.70%,31.4
Lopatcong Twp,Warren,2023,7.3,569,"9,131",68.90%,11.20%,12.00%,0.00%,5.80%,0.00%,0.00%,2.00%,"$88,388",10.40%,30,246,153,"4,156","4,057",98%,77%,23%,,0,211,"1,018",664,245,"1,005",310,310,0,393,"2,522",479,112,130,466,352,95,0,0,71.40%,12.70%,1.40%,12.80%,0.00%,0.50%,0.00%,1.30%,0.00%,169,"1,557","1,444",887,"4,791",75.90%,5.80%,3.00%,0.90%,0.90%,13.50%,38.7
Lower Alloways Creek Twp,Salem,2023,45.3,16,"1,619",94.10%,2.00%,1.70%,0.00%,2.10%,0.00%,0.00%,0.10%,"$75,000",8.30%,33.5,182,10,717,706,98%,76%,24%,,0,15,98,55,56,154,36,71,21,211,702,2,9,0,0,0,0,4,0,0.40%,10.60%,20.30%,53.00%,1.40%,9.50%,2.50%,2.30%,0.00%,79,166,235,226,783,84.90%,4.30%,0.80%,0.40%,1.80%,7.80%,28.5
Lower Twp,Cape May,2023,27.4,564,"22,048",90.70%,0.60%,4.40%,0.10%,0.40%,0.00%,0.30%,3.50%,"$80,731",10.30%,40.4,108,332,"15,442","10,541",68%,84%,16%,Yes,63,498,"1,219","1,687","2,802","2,897","2,188","2,281",884,923,"12,755","1,042",51,143,96,360,469,526,0,63.40%,26.10%,4.30%,4.50%,0.00%,0.10%,0.50%,0.90%,0.30%,412,"4,389","3,900","1,840","9,697",75.40%,12.60%,0.40%,0.80%,3.90%,6.90%,18.6
Lumberton Twp,Burlington,2023,12.9,389,"12,806",69.60%,13.00%,6.90%,0.00%,5.40%,0.00%,0.00%,5.10%,"$111,739",5.90%,28.2,286,156,"5,024","4,779",95%,74%,26%,,0,131,968,"1,307",930,774,286,268,61,299,"2,843","1,105",60,114,254,341,294,0,13,71.50%,19.50%,2.10%,5.50%,0.00%,0.00%,0.50%,0.60%,0.30%,385,"1,284","1,673","1,437","7,005",71.80%,7.60%,2.10%,0.80%,2.20%,15.50%,29.3
Lyndhurst Twp,Bergen,2023,4.6,"2,139","22,343",59.00%,2.30%,30.10%,0.00%,5.10%,0.00%,0.40%,3.20%,"$109,021",6.70%,32.2,208,437,"9,839","9,363",95%,60%,40%,,0,700,713,501,465,525,"1,333","1,877",973,"2,752","4,064",329,"2,993",585,262,245,"1,335",26,0,75.70%,15.70%,4.70%,2.80%,0.00%,0.00%,0.30%,0.20%,0.50%,829,"3,364","3,077","2,093","12,459",66.50%,7.70%,10.40%,2.90%,2.20%,10.30%,29.6
Madison Boro,Morris,2023,4.3,"1,330","16,464",73.80%,1.10%,14.20%,0.00%,5.80%,0.10%,0.40%,4.60%,"$168,469",2.80%,20.2,476,223,"5,721","5,554",97%,64%,36%,,30,543,270,328,411,326,855,"1,131",451,"1,376","3,595",388,614,264,211,237,412,0,0,86.60%,8.20%,2.10%,2.50%,0.00%,0.00%,0.10%,0.00%,0.40%,310,"1,660","2,776",808,"8,246",52.90%,3.40%,8.10%,8.20%,2.20%,25.20%,26.9
Magnolia Boro,Camden,2023,1,"1,910","4,360",54.60%,16.40%,17.80%,0.00%,8.30%,0.00%,0.00%,2.80%,"$89,489",5.30%,36,141,74,"1,910","1,778",93%,71%,30%,,0,39,83,77,215,99,534,605,86,172,"1,411",0,14,63,35,93,294,0,0,82.70%,10.20%,5.20%,1.00%,0.00%,0.00%,0.00%,1.00%,0.00%,70,790,645,273,"2,259",75.00%,2.70%,5.60%,3.60%,0.50%,12.70%,28.1
Mahwah Twp,Bergen,2023,25.4,396,"25,375",72.00%,2.00%,10.50%,0.10%,11.40%,0.00%,0.30%,3.80%,"$128,125",2.60%,23.5,395,245,"10,058","9,756",97%,81%,19%,,31,263,759,"2,494","3,045","1,037",744,670,199,816,"4,743","2,189",209,658,662,955,484,158,0,85.70%,8.80%,1.70%,3.40%,0.00%,0.10%,0.00%,0.10%,0.20%,362,"3,570","3,833","1,991","13,021",64.00%,4.60%,5.20%,2.90%,1.10%,22.30%,30.7
Manalapan Twp,Monmouth,2023,30.7,494,"40,666",78.70%,2.70%,8.40%,0.00%,7.90%,0.00%,0.20%,2.20%,"$151,297",4.30%,21.2,442,399,"15,154","14,785",98%,88%,12%,,58,"1,030","2,519","2,147","3,296","2,481","2,482",381,201,559,"10,873","1,931",104,237,537,"1,206",225,41,0,81.60%,13.00%,0.50%,3.90%,0.20%,0.10%,0.20%,0.10%,0.30%,560,"3,675","6,653","3,897","20,149",67.50%,5.80%,5.90%,0.60%,1.20%,19.10%,40.6
Manasquan Boro,Monmouth,2023,1.4,"2,409","5,915",90.40%,0.00%,5.60%,0.00%,0.60%,0.00%,0.10%,3.30%,"$156,542",1.80%,19,497,206,"3,372","2,513",75%,86%,14%,,0,365,408,107,256,207,330,329,536,834,"2,879",231,192,54,0,8,8,0,0,92.80%,6.00%,0.00%,1.20%,0.00%,0.00%,0.00%,0.00%,0.00%,33,947,"1,096",437,"3,048",71.90%,4.60%,2.10%,0.70%,1.90%,18.90%,32.2
Manchester Twp,Ocean,2023,81.4,325,"45,527",82.40%,4.80%,8.60%,0.00%,2.20%,0.00%,0.20%,1.80%,"$58,612",9.00%,37.3,128,154,"26,438","23,654",89%,86%,14%,,95,"1,867","2,963","2,437","5,337","8,817","3,306","1,189",168,259,"12,255","5,847","2,338","2,466",488,395,961,"1,688",0,45.50%,47.30%,0.90%,4.20%,0.00%,0.00%,1.20%,0.70%,0.30%,"2,299","12,381","6,853","2,121","15,427",80.80%,4.30%,1.30%,0.30%,2.90%,10.40%,33.2
Mannington Twp,Salem,2023,33.9,16,"1,925",66.40%,27.80%,4.30%,0.00%,0.00%,0.00%,0.00%,1.60%,"$132,917",4.50%,36.6,135,41,527,429,81%,90%,10%,,0,4,41,54,14,77,58,95,2,182,502,8,3,3,1,0,0,10,0,12.60%,6.80%,4.70%,64.80%,0.00%,9.80%,0.70%,0.00%,0.70%,0,45,220,164,730,72.20%,4.20%,0.50%,2.90%,1.60%,18.50%,23.3
Mansfield Twp (Burlington),Burlington,2023,21.7,166,"8,913",69.80%,15.40%,8.50%,0.00%,1.70%,0.00%,0.00%,4.60%,"$108,851",4.20%,23.8,389,96,"3,613","3,428",95%,96%,4%,,0,62,"1,331",690,666,139,177,269,32,247,"3,535",35,0,36,7,0,0,0,0,73.20%,12.00%,4.00%,7.80%,0.00%,0.60%,1.10%,1.40%,0.00%,81,"1,129","1,223",995,"4,219",68.70%,3.80%,8.50%,0.00%,0.50%,18.50%,38.8
Mansfield Twp (Warren),Warren,2023,29.6,106,"7,804",69.60%,4.20%,19.80%,0.10%,2.60%,0.00%,0.00%,3.70%,"$94,432",6.40%,29.2,262,74,"3,140","3,069",98%,60%,40%,,20,70,136,403,"1,013",536,410,158,153,241,"2,007",173,176,73,239,400,72,0,0,48.10%,15.70%,6.60%,27.10%,0.00%,1.80%,0.00%,0.60%,0.00%,68,"1,002","1,070",929,"4,089",77.50%,5.60%,1.50%,0.00%,0.70%,14.70%,30.7
Mantoloking Boro,Ocean,2023,0.4,"1,060",468,93.60%,0.20%,6.20%,0.00%,0.00%,0.00%,0.00%,0.00%,"250,000+",3.90%,8,563,6,424,184,43%,99%,1%,Yes,12,76,58,11,39,23,66,41,19,79,418,6,0,0,0,0,0,0,0,92.40%,3.80%,1.10%,0.00%,0.00%,0.00%,0.00%,0.00%,2.70%,2,49,67,66,200,38.50%,6.00%,10.50%,0.50%,0.00%,44.50%,44.4
Mantua Twp,Gloucester,2023,16,373,"15,318",87.90%,6.50%,1.50%,0.00%,2.00%,0.00%,0.20%,1.90%,"$114,375",4.50%,28,290,191,"5,970","5,863",98%,90%,11%,,16,282,866,"1,437",847,456,462,980,266,358,"4,561",413,29,188,272,80,21,406,0,82.40%,8.30%,1.20%,6.60%,0.00%,0.80%,0.00%,0.40%,0.30%,154,"1,457","2,757","1,495","8,324",78.40%,4.10%,1.30%,1.40%,0.50%,14.20%,29.6
Manville Boro,Somerset,2023,2.4,"1,891","10,870",59.30%,8.40%,25.60%,0.00%,2.80%,0.00%,0.90%,3.10%,"$93,872",12.30%,33.9,178,163,"4,538","4,300",95%,72%,28%,,0,71,195,45,272,366,780,"1,151",785,873,"3,005",183,"1,035",95,74,146,0,0,0,88.70%,6.90%,0.50%,1.60%,0.00%,0.00%,0.30%,0.50%,1.50%,455,"1,557","1,213","1,075","5,948",71.00%,12.30%,0.80%,2.90%,3.00%,9.90%,24.4
Maple Shade Twp,Burlington,2023,3.8,"2,474","19,970",64.30%,9.10%,12.20%,0.00%,8.00%,0.00%,1.20%,5.20%,"$75,732",12.80%,35.2,158,317,"9,401","8,791",94%,48%,52%,,0,209,396,517,497,"3,025","1,221","2,023",575,938,"4,004",519,157,"1,092",798,"1,352","1,479",0,0,68.00%,24.40%,2.30%,4.30%,0.00%,0.40%,0.20%,0.10%,0.30%,666,"4,419","2,768",938,"10,081",71.60%,11.00%,1.50%,0.80%,0.70%,14.30%,24.5
Maplewood Twp,Essex,2023,3.9,"2,303","25,406",52.90%,30.50%,8.70%,0.60%,3.30%,0.00%,1.00%,3.10%,"$167,428",3.60%,21.2,443,328,"8,981","8,659",96%,77%,23%,,39,691,205,226,331,245,764,934,627,"4,919","5,401",288,"1,630",224,112,354,972,0,0,75.60%,11.50%,1.00%,10.10%,0.00%,0.00%,0.00%,0.30%,1.40%,674,"3,033","3,770","1,182","12,991",47.60%,1.20%,20.50%,0.50%,3.50%,26.60%,39
Margate City,Atlantic,2023,1.4,"4,957","5,260",94.50%,0.10%,1.90%,0.00%,2.30%,0.00%,0.00%,1.30%,"$114,417",6.20%,25.6,349,176,"6,940","2,625",38%,90%,10%,Yes,119,761,509,185,667,916,946,"1,335",462,"1,040","4,115",396,601,151,124,290,"1,263",0,0,75.50%,19.30%,1.10%,2.20%,0.00%,0.00%,0.20%,0.60%,1.10%,149,"1,093","1,041",342,"2,462",63.10%,14.00%,1.10%,1.70%,3.00%,17.10%,29.8
Marlboro Twp,Monmouth,2023,30.3,480,"41,506",66.20%,1.90%,5.40%,0.00%,22.70%,0.00%,1.50%,2.30%,"$176,076",3.80%,18.8,503,314,"14,539","14,247",98%,93%,7%,,35,462,"2,545","3,077","4,040","1,758","1,623",601,95,303,"11,709","1,407",95,100,551,240,185,252,0,90.30%,5.10%,2.00%,2.50%,0.00%,0.00%,0.10%,0.00%,0.00%,525,"2,929","6,539","4,254","20,656",56.60%,5.60%,10.10%,0.70%,0.70%,26.20%,41.9
Matawan Boro,Monmouth,2023,2.3,"1,675","9,636",59.70%,13.00%,15.70%,0.00%,1.70%,0.00%,0.00%,9.90%,"$122,026",10.10%,27.4,305,157,"3,853","3,716",96%,57%,43%,,0,437,122,217,586,696,772,273,224,526,"1,961",60,164,437,178,483,570,0,0,74.70%,19.20%,1.50%,3.60%,0.00%,0.00%,0.00%,1.00%,0.00%,182,"1,370","1,313",851,"5,130",70.10%,4.30%,6.20%,0.00%,2.20%,17.20%,30.1
Maurice River Twp,Cumberland,2023,93.2,13,"5,591",52.90%,29.20%,17.00%,0.10%,0.00%,0.00%,0.30%,0.50%,"$62,743",15.10%,52.1,35,95,"1,184","1,089",92%,76%,24%,,0,55,79,129,141,81,141,170,49,339,"1,032",49,53,7,0,0,0,43,0,33.10%,13.80%,20.60%,24.50%,1.00%,4.20%,2.80%,0.00%,0.00%,42,368,408,271,"1,008",84.90%,6.70%,0.00%,0.00%,0.00%,8.30%,29.4
Maywood Boro,Bergen,2023,1.3,"3,006","10,042",48.80%,5.20%,26.20%,0.20%,17.50%,0.00%,0.30%,1.80%,"$119,306",2.80%,27.6,300,130,"3,908","3,814",98%,69%,31%,,0,54,48,61,228,338,338,"1,069",740,"1,032","2,705",66,513,372,49,54,149,0,0,82.00%,9.80%,1.60%,5.60%,0.00%,0.20%,0.00%,0.70%,0.20%,473,979,"1,470",892,"5,032",65.60%,7.40%,11.00%,2.00%,1.30%,12.60%,29.5
Medford Lakes Boro,Burlington,2023,38.8,39,"4,267",89.80%,0.00%,2.50%,0.00%,3.10%,0.00%,0.00%,4.70%,"$151,190",1.30%,19.2,490,15,"1,516","1,464",97%,92%,9%,,0,7,9,8,18,242,533,415,101,183,"1,516",0,0,0,0,0,0,0,0,78.30%,3.70%,1.40%,16.70%,0.00%,0.00%,0.00%,0.00%,0.00%,20,224,810,410,"2,042",82.00%,0.50%,1.80%,0.00%,0.40%,15.30%,33.1
Medford Twp,Burlington,2023,1.1,"8,715","24,588",87.90%,1.40%,2.00%,0.00%,4.00%,0.00%,0.00%,4.70%,"$160,733",3.10%,18.8,504,358,"9,587","9,221",96%,89%,11%,,213,574,904,"1,358","1,913","2,609",832,523,195,466,"7,667",828,92,74,375,346,205,0,0,82.50%,8.80%,1.50%,7.00%,0.00%,0.10%,0.00%,0.20%,0.00%,287,"1,900","3,945","3,089","13,017",71.10%,2.80%,4.30%,0.20%,0.40%,21.30%,34.3
Mendham Boro,Morris,2023,5.9,309,"4,977",81.80%,0.00%,5.60%,0.00%,6.60%,0.00%,0.00%,5.90%,"$223,750",2.20%,15.6,544,90,"1,823","1,792",98%,86%,14%,,0,37,91,65,297,529,256,228,85,235,"1,438",284,17,19,7,32,26,0,0,85.90%,8.10%,0.70%,4.70%,0.00%,0.00%,0.00%,0.60%,0.00%,51,410,873,458,"2,488",59.90%,1.90%,3.60%,1.80%,1.90%,30.80%,33.1
Mendham Twp,Morris,2023,17.8,118,"5,994",79.90%,0.30%,5.50%,0.00%,5.90%,0.00%,3.70%,4.80%,"250,000+",1.90%,12.7,554,9,"2,105","2,009",95%,97%,3%,,0,69,300,347,207,333,367,174,95,213,"2,028",0,43,22,12,0,0,0,0,80.40%,9.90%,1.30%,7.90%,0.00%,0.00%,0.00%,0.40%,0.00%,10,293,966,740,"2,913",59.60%,1.30%,5.20%,0.90%,8.40%,24.60%,42.4
Merchantville Boro,Camden,2023,0.6,"2,723","3,815",61.00%,8.10%,25.20%,0.00%,2.90%,0.00%,0.00%,2.80%,"$91,607",16.70%,40,110,75,"1,634","1,501",92%,62%,38%,,0,0,101,56,14,36,169,280,170,808,717,289,287,70,11,58,202,0,0,68.90%,27.20%,0.00%,3.90%,0.00%,0.00%,0.00%,0.00%,0.00%,90,742,494,175,"1,999",69.00%,10.10%,3.00%,0.10%,0.40%,17.60%,27
Metuchen Boro,Middlesex,2023,2.8,"2,008","14,982",61.80%,5.00%,7.70%,0.10%,16.80%,0.00%,0.40%,8.20%,"$157,779",4.40%,20.9,454,410,"5,621","5,433",97%,75%,25%,,55,557,330,320,320,529,843,"1,310",525,832,"3,664",684,145,231,180,218,499,0,0,82.50%,11.40%,1.40%,3.80%,0.00%,0.00%,0.00%,0.70%,0.20%,200,"1,948","2,525",760,"7,530",51.60%,5.20%,17.60%,1.50%,0.60%,23.30%,37.6
Middle Twp,Cape May,2023,70.2,148,"20,347",77.00%,7.40%,10.20%,0.00%,1.40%,0.00%,0.20%,3.80%,"$91,040",9.70%,45,58,553,"10,397","8,843",85%,80%,20%,,245,"1,077","1,864","1,279","1,370","1,130","1,421","1,047",389,575,"7,522",952,249,78,217,63,97,"1,219",0,61.80%,16.30%,12.90%,6.90%,0.00%,0.90%,0.70%,0.30%,0.30%,478,"2,669","3,759","1,937","9,100",78.30%,7.10%,1.30%,1.60%,2.70%,9.00%,20.1
Middlesex Boro,Middlesex,2023,3.5,"1,629","14,518",54.20%,5.70%,26.30%,0.00%,11.70%,0.00%,0.30%,1.80%,"$107,063",8.00%,30.9,222,372,"5,703","5,567",98%,73%,27%,,78,370,56,457,475,500,"1,639","1,517",145,466,"3,908",400,289,251,115,171,569,0,0,83.80%,13.40%,1.40%,0.20%,0.00%,0.00%,0.30%,0.30%,0.70%,307,"1,503","2,371","1,386","7,708",80.70%,6.50%,1.60%,0.30%,1.80%,9.10%,25.7
Middletown Twp,Monmouth,2023,40.9,628,"66,849",84.20%,1.70%,8.60%,0.00%,2.40%,0.00%,0.40%,2.70%,"$141,723",3.70%,22.9,406,600,"25,701","25,114",98%,86%,14%,,113,"1,302","1,500","1,442","4,639","4,046","3,156","5,805",891,"2,807","20,023","2,196",276,568,463,888,"1,196",91,0,84.80%,10.60%,1.30%,2.70%,0.00%,0.10%,0.20%,0.10%,0.10%,"1,032","6,445","11,118","6,519","33,635",68.90%,4.20%,8.50%,0.50%,0.70%,17.20%,36.7
Midland Park Boro,Bergen,2023,1.6,"1,945","6,996",83.30%,0.90%,11.10%,0.00%,2.10%,0.00%,0.00%,2.60%,"$140,063",1.60%,22.5,410,173,"3,112","3,001",96%,70%,31%,,0,11,443,127,75,88,232,887,388,861,"2,090",94,247,273,0,27,381,0,0,79.70%,15.70%,0.70%,4.00%,0.00%,0.00%,0.00%,0.00%,0.00%,189,"1,154","1,061",597,"3,428",70.10%,6.10%,4.30%,1.10%,0.90%,17.40%,27.7
Milford Boro,Hunterdon,2023,1.2,482,"1,306",91.00%,1.80%,4.70%,0.00%,1.50%,0.00%,0.00%,1.00%,"$88,295",6.80%,35.2,157,43,578,541,94%,73%,27%,,0,0,5,19,25,105,89,87,41,207,403,68,9,51,32,15,0,0,0,0.60%,34.90%,7.90%,53.00%,0.00%,1.80%,0.00%,1.70%,0.00%,20,163,213,145,625,69.10%,9.30%,1.90%,1.80%,0.30%,17.60%,34
Millburn Twp,Essex,2023,9.3,782,"21,793",50.10%,2.80%,6.90%,0.00%,34.20%,0.00%,1.50%,4.50%,"250,000+",3.50%,12.4,556,281,"7,276","6,999",96%,81%,19%,,116,297,280,70,135,428,"1,250","1,469",732,"2,499","5,775",88,511,285,101,115,401,0,0,86.60%,9.40%,1.10%,2.50%,0.00%,0.00%,0.00%,0.00%,0.40%,163,"1,914","3,536","1,386","10,235",37.20%,2.70%,24.70%,1.30%,0.60%,33.40%,43.6
Millstone Boro,Somerset,2023,0.7,290,606,60.70%,3.30%,27.90%,0.00%,1.30%,0.00%,0.70%,6.10%,"$139,209",4.50%,25.8,345,9,203,199,98%,88%,12%,,2,0,0,5,5,0,55,77,8,51,189,0,11,1,2,0,0,0,0,93.00%,2.00%,0.00%,5.00%,0.00%,0.00%,0.00%,0.00%,0.00%,2,44,61,92,359,53.50%,36.50%,0.80%,1.40%,0.00%,7.80%,32.4
Millstone Twp,Monmouth,2023,36.6,99,"10,354",72.40%,0.70%,14.20%,0.00%,8.10%,0.00%,3.10%,1.50%,"$199,747",2.90%,18.9,499,102,"3,606","3,516",98%,93%,7%,,0,105,579,"1,400",418,576,189,178,0,161,"3,584",13,0,0,0,9,0,0,0,85.00%,3.70%,2.40%,8.00%,0.00%,0.40%,0.40%,0.30%,0.00%,189,399,901,"2,027","5,538",72.10%,5.00%,1.40%,0.70%,3.10%,17.70%,39
Milltown Boro,Middlesex,2023,1.6,"1,645","6,994",77.50%,4.60%,10.50%,0.00%,3.40%,0.00%,0.10%,4.00%,"$119,958",1.10%,22.9,404,93,"2,632","2,564",97%,76%,24%,,0,23,115,45,236,501,500,361,145,706,"2,208",0,321,32,0,12,59,0,0,88.10%,4.70%,0.00%,7.20%,0.00%,0.00%,0.00%,0.00%,0.00%,98,651,"1,216",599,"3,803",80.10%,3.50%,4.00%,0.20%,1.30%,10.80%,29
Millville City,Cumberland,2023,42,283,"27,432",57.10%,16.30%,17.50%,0.20%,2.00%,0.00%,0.50%,6.30%,"$67,190",13.00%,50.8,41,468,"11,875","11,342",96%,63%,37%,,20,673,"1,239",902,615,"1,796","1,902","1,751",704,"2,273","7,594",961,336,593,462,341,"1,188",354,46,67.90%,15.80%,1.40%,12.40%,0.00%,1.60%,0.40%,0.20%,0.30%,"1,828","4,055","3,188","2,271","12,294",78.00%,11.80%,0.80%,1.70%,2.50%,5.10%,23.8
Mine Hill Twp,Morris,2023,2.9,504,"3,993",55.60%,2.10%,30.90%,0.00%,5.70%,0.00%,1.40%,4.40%,"$113,861",4.70%,26.5,325,69,"1,463","1,389",95%,88%,12%,,0,37,10,226,169,157,199,343,121,201,"1,090",171,99,60,11,32,0,0,0,56.90%,6.60%,4.80%,28.40%,0.00%,1.40%,1.00%,0.00%,0.90%,56,151,843,339,"2,227",74.90%,6.10%,1.70%,1.50%,0.80%,15.00%,28.9
Monmouth Beach Boro,Monmouth,2023,1,"1,884","3,201",86.30%,0.60%,7.80%,0.00%,2.90%,0.00%,0.70%,1.80%,"$140,074",2.30%,18.1,514,32,"1,884","1,503",80%,81%,19%,,29,113,66,126,390,617,282,117,21,123,888,219,37,72,73,82,513,0,0,60.30%,33.50%,1.30%,2.50%,0.00%,2.30%,0.00%,0.00%,0.00%,84,434,594,391,"1,601",56.70%,2.30%,6.60%,0.60%,3.60%,30.40%,31.7
Monroe Twp (Gloucester),Gloucester,2023,46.4,313,"37,391",72.90%,10.30%,9.80%,0.00%,1.40%,0.00%,0.60%,5.00%,"$94,857",6.70%,34,176,453,"14,508","13,996",96%,82%,18%,,194,"1,287","2,440","2,347","1,900","3,108","1,375",811,312,734,"10,575",952,328,465,197,201,557,"1,233",0,81.90%,6.10%,1.80%,8.70%,0.40%,0.30%,0.10%,0.80%,0.10%,628,"4,464","4,993","3,911","18,931",79.00%,7.30%,1.30%,0.80%,0.90%,10.70%,33.5
Monroe Twp (Middlesex),Middlesex,2023,41.9,539,"48,299",65.30%,2.30%,5.70%,0.10%,24.90%,0.00%,0.40%,1.40%,"$106,892",4.00%,24.6,377,253,"22,598","21,673",96%,91%,9%,,120,"3,968","5,291","3,258","3,402","3,488","1,613",762,246,450,"14,192","6,034",559,394,349,206,852,12,0,65.90%,30.10%,1.60%,2.00%,0.00%,0.10%,0.10%,0.00%,0.20%,"1,433","8,342","8,697","3,201","19,340",61.30%,3.90%,6.20%,0.70%,1.40%,26.50%,42.1
Montague Twp,Sussex,2023,45.2,38,"3,808",83.80%,0.30%,5.50%,0.00%,6.10%,0.00%,1.20%,3.10%,"$99,521",8.30%,31.4,217,76,"1,702","1,519",89%,88%,12%,,0,27,222,190,229,468,207,230,19,110,"1,333",0,44,155,68,16,48,38,0,4.80%,27.80%,11.90%,44.60%,2.30%,4.90%,0.00%,3.60%,0.00%,23,355,705,436,"1,731",82.30%,10.50%,4.40%,0.20%,0.00%,2.70%,42.8
Montclair Twp,Essex,2023,6.2,"2,589","39,873",56.80%,18.20%,10.90%,0.00%,5.30%,0.00%,0.90%,8.00%,"$166,765",6.40%,22,417,609,"16,053","15,118",94%,60%,40%,,67,716,646,309,583,901,"1,120","1,371",894,"9,446","8,088",580,"1,691","1,405","1,132",856,"2,297",0,4,74.70%,13.30%,2.50%,7.50%,0.00%,0.00%,0.00%,0.50%,1.50%,"1,112","6,769","5,662","1,575","20,673",44.10%,4.40%,15.70%,2.90%,0.70%,32.30%,36
Montgomery Twp,Somerset,2023,32.3,266,"23,643",46.60%,3.90%,5.10%,0.10%,40.90%,0.00%,0.40%,3.00%,"$223,409",3.10%,15,547,155,"8,582","8,368",98%,85%,15%,,15,674,"1,987","2,434","1,446",391,750,259,12,614,"6,097","1,423",52,98,333,197,382,0,0,78.70%,11.00%,1.90%,7.70%,0.00%,0.00%,0.80%,0.00%,0.00%,323,"2,054","3,881","2,110","12,227",55.20%,3.70%,5.00%,3.00%,2.50%,30.60%,36.9
Montvale Boro,Bergen,2023,4,797,"8,625",72.60%,2.60%,9.20%,0.00%,13.20%,0.00%,0.00%,2.40%,"$183,664",3.80%,19,498,117,"3,188","3,086",97%,84%,16%,,44,241,345,147,226,459,834,380,70,442,"2,049",431,133,308,74,167,26,0,0,84.10%,8.70%,0.90%,6.30%,0.00%,0.00%,0.00%,0.00%,0.00%,39,942,"1,284",821,"4,007",57.40%,6.70%,5.30%,0.10%,0.80%,29.50%,31.9
Montville Twp,Morris,2023,18.6,445,"22,421",67.70%,1.30%,5.90%,0.00%,22.20%,0.00%,0.30%,2.60%,"$170,472",3.20%,19,496,372,"8,272","8,102",98%,89%,11%,,11,131,422,"1,794","1,613","1,111","1,451",893,341,505,"5,622","1,498",94,56,161,301,526,14,0,71.40%,6.50%,2.40%,16.80%,0.00%,0.00%,0.00%,2.70%,0.20%,202,"1,808","3,968","2,124","11,552",67.30%,3.50%,4.20%,0.80%,0.90%,23.30%,32.2
Moonachie Boro,Bergen,2023,1.7,579,"3,106",29.60%,0.00%,55.10%,0.40%,13.70%,0.00%,0.00%,1.20%,"$108,359",4.00%,29.5,256,186,985,937,95%,69%,31%,,0,76,108,10,155,107,172,199,62,96,527,45,45,19,0,0,0,349,0,66.30%,17.50%,5.10%,11.10%,0.00%,0.00%,0.00%,0.00%,0.00%,58,313,399,167,"1,528",64.30%,20.60%,3.10%,6.20%,2.40%,3.50%,24.5
Moorestown Twp,Burlington,2023,14.7,573,"21,411",76.30%,5.00%,5.80%,0.20%,8.70%,0.00%,0.10%,4.00%,"$154,368",5.70%,20.7,462,395,"8,418","7,908",94%,83%,17%,,56,289,"1,136","1,029",575,946,"1,028","1,045",308,"2,006","6,338","1,002",90,291,79,219,399,0,0,80.10%,16.10%,0.30%,2.80%,0.00%,0.00%,0.10%,0.30%,0.20%,431,"1,941","3,469","2,067","10,048",66.90%,3.30%,2.90%,0.70%,0.90%,25.10%,26.3
Morris Plains Boro,Morris,2023,2.6,997,"6,214",77.70%,2.10%,7.90%,0.00%,7.60%,0.00%,0.00%,4.80%,"$149,623",3.00%,23,403,82,"2,591","2,524",97%,75%,25%,,0,306,48,138,407,126,351,508,352,355,"1,844",55,17,20,256,84,289,26,0,83.80%,13.80%,0.50%,1.90%,0.00%,0.00%,0.00%,0.00%,0.00%,71,721,"1,115",617,"3,634",63.50%,3.60%,4.20%,1.20%,0.50%,27.10%,27.8
Morris Twp,Morris,2023,15.7,549,"23,239",77.70%,3.50%,10.10%,0.00%,3.80%,0.00%,1.00%,3.90%,"$194,142",4.90%,18.1,513,187,"8,616","8,442",98%,86%,14%,,37,390,177,954,"1,367",995,"1,801","1,325",210,"1,360","6,257","1,110",191,291,242,342,175,8,0,84.10%,9.80%,1.80%,3.00%,0.00%,0.00%,0.30%,0.60%,0.50%,242,"1,969","4,100","2,131","11,794",63.30%,5.10%,3.60%,1.30%,1.60%,25.10%,28.1
Morristown Town,Morris,2023,2.9,"3,213","20,256",52.60%,9.20%,29.30%,0.20%,4.70%,0.00%,0.00%,4.10%,"$115,409",9.20%,29.2,263,512,"9,318","8,907",96%,36%,64%,,43,"1,284",734,568,912,876,"1,101","1,187",557,"2,056","2,330",833,617,992,517,822,"3,133",74,0,68.90%,25.40%,1.10%,2.80%,0.00%,0.00%,0.20%,0.20%,1.40%,818,"4,080","2,864","1,145","12,013",63.20%,8.80%,3.10%,6.70%,1.40%,16.90%,24.4
Mount Arlington Boro,Morris,2023,2.1,"1,438","5,901",75.30%,3.00%,18.80%,0.00%,2.10%,0.00%,0.00%,0.80%,"$99,511",6.30%,27.8,295,37,"3,019","2,648",88%,72%,28%,,0,426,363,592,176,397,504,165,111,285,"1,475",344,108,40,77,235,740,0,0,55.70%,15.20%,2.90%,23.30%,0.00%,0.60%,0.00%,0.40%,1.80%,62,990,"1,271",325,"3,132",75.50%,7.20%,1.80%,0.00%,0.00%,15.60%,37.2
Mount Ephraim Boro,Camden,2023,0.9,"2,229","4,648",81.50%,0.50%,13.80%,0.00%,0.00%,0.00%,3.20%,1.00%,"$95,137",8.90%,37.3,127,93,"2,006","1,918",96%,66%,34%,,0,34,165,64,92,247,314,521,356,213,"1,559",53,53,60,36,91,154,0,0,78.70%,13.80%,1.30%,6.30%,0.00%,0.00%,0.00%,0.00%,0.00%,139,480,776,523,"2,420",71.80%,8.00%,2.80%,0.00%,0.00%,17.40%,24.1
Mount Holly Twp,Burlington,2023,2.8,"1,355","10,003",49.60%,24.90%,13.50%,0.10%,4.00%,0.00%,1.10%,6.80%,"$83,145",11.70%,52.2,34,237,"3,795","3,570",94%,63%,37%,,0,284,144,152,207,252,362,998,187,"1,209","1,996",747,88,444,68,129,309,14,0,73.70%,17.00%,0.20%,5.50%,0.00%,1.00%,0.30%,1.70%,0.60%,401,"1,489","1,048",632,"4,784",75.90%,10.00%,1.60%,2.40%,1.80%,8.20%,28.8
Mount Laurel Twp,Burlington,2023,21.7,920,"45,427",65.10%,12.90%,6.40%,0.10%,9.30%,0.00%,2.10%,4.10%,"$114,629",4.20%,24.1,386,476,"19,966","19,283",97%,76%,24%,,274,"1,049","2,189","4,880","5,986","2,732","1,495",840,160,361,"9,727","5,178",306,684,"1,534",940,"1,299",298,0,73.40%,21.30%,1.70%,2.60%,0.00%,0.10%,0.30%,0.30%,0.30%,419,"6,984","8,412","3,468","25,203",74.20%,3.50%,2.30%,0.80%,0.40%,18.80%,27.2
Mount Olive Twp,Morris,2023,29.6,386,"28,964",61.80%,7.20%,18.20%,0.10%,9.10%,0.00%,0.20%,3.50%,"$119,931",4.90%,27.5,303,372,"11,414","11,171",98%,61%,39%,,74,667,"1,273","1,452","1,449","2,777","1,663",976,500,583,"6,819",333,178,772,640,"1,670","1,002",0,0,61.20%,18.10%,2.20%,16.40%,0.00%,0.90%,0.20%,0.80%,0.20%,603,"3,044","5,402","2,122","16,514",74.60%,6.90%,1.00%,0.60%,0.30%,16.50%,33
Mountain Lakes Boro,Morris,2023,2.6,558,"4,535",78.00%,0.00%,3.60%,0.00%,13.30%,0.00%,1.40%,3.70%,"250,000+",1.30%,12.3,558,89,"1,451","1,418",98%,97%,3%,,0,74,98,112,102,63,92,146,191,573,"1,313",128,0,0,10,0,0,0,0,86.30%,6.00%,0.00%,6.90%,0.00%,0.00%,0.00%,0.00%,0.80%,7,182,792,437,"2,039",58.90%,3.50%,6.20%,0.20%,0.60%,30.70%,34.9
Mountainside Boro,Union,2023,4,654,"6,967",72.70%,1.10%,13.60%,0.00%,11.40%,0.00%,0.00%,1.20%,"$210,100",2.80%,18.3,510,165,"2,616","2,540",97%,87%,13%,,14,77,135,11,62,57,774,"1,172",238,76,"2,536",36,22,22,0,0,0,0,0,93.90%,2.10%,0.00%,4.10%,0.00%,0.00%,0.00%,0.00%,0.00%,59,331,"1,709",441,"3,238",52.70%,9.10%,11.90%,1.70%,0.00%,24.60%,38.9
Mullica Twp,Atlantic,2023,56.4,40,"5,815",84.50%,5.30%,6.30%,0.00%,0.00%,0.00%,2.40%,1.50%,"$91,875",7.30%,42.1,88,99,"2,263","2,179",96%,93%,7%,,0,48,363,222,326,374,302,358,33,237,"2,102",24,0,0,0,0,0,137,0,40.00%,18.80%,4.40%,28.00%,0.00%,6.20%,0.60%,1.10%,1.00%,42,492,802,843,"2,873",86.90%,4.90%,3.20%,0.50%,0.70%,3.90%,33
National Park Boro,Gloucester,2023,1,"1,140","3,043",87.50%,3.20%,5.90%,0.00%,1.50%,0.00%,0.00%,1.90%,"$81,507",7.70%,34.9,161,35,"1,140","1,079",95%,84%,16%,,0,20,47,63,28,119,98,340,43,382,997,35,35,58,0,0,0,0,15,79.80%,7.90%,0.00%,12.00%,0.00%,0.00%,0.40%,0.00%,0.00%,20,293,440,326,"1,496",76.70%,6.60%,5.40%,2.50%,1.70%,7.20%,31.8
Neptune City Boro,Monmouth,2023,0.9,"2,534","4,607",62.10%,18.40%,15.60%,0.00%,0.40%,0.00%,2.10%,1.40%,"$82,872",18.20%,44.4,65,108,"2,281","2,139",94%,64%,36%,,0,15,204,227,80,365,206,131,363,690,"1,378",106,64,80,39,66,501,47,0,68.00%,22.10%,5.70%,3.30%,0.00%,0.00%,0.90%,0.00%,0.00%,103,821,873,342,"2,675",80.50%,9.50%,0.70%,1.00%,2.70%,5.50%,25.5
Neptune Twp,Monmouth,2023,8.1,"1,602","28,108",45.80%,30.30%,17.60%,0.00%,2.90%,0.00%,0.30%,3.00%,"$96,827",9.60%,35.6,150,459,"12,976","11,387",88%,69%,31%,,68,978,994,578,"1,431","1,032","2,102","2,335",651,"2,807","8,405","1,412",406,931,339,585,800,98,0,82.20%,9.40%,2.90%,3.30%,0.10%,0.10%,0.00%,1.00%,0.90%,989,"4,306","3,852","2,240","14,246",73.40%,7.60%,3.20%,2.10%,1.90%,11.90%,25.7
Netcong Boro,Morris,2023,0.8,"2,466","3,543",62.60%,11.90%,19.90%,0.10%,0.40%,0.00%,2.50%,2.60%,"$92,596",8.40%,36.9,131,83,"1,973","1,821",92%,53%,47%,,7,66,0,64,103,542,77,303,292,519,"1,288",81,131,70,51,289,63,0,0,45.60%,8.10%,0.60%,41.60%,0.00%,0.00%,0.00%,1.00%,3.10%,254,752,543,272,"1,915",71.80%,7.60%,0.00%,0.10%,0.70%,19.80%,29.6
New Brunswick City,Middlesex,2023,5.2,"3,283","55,744",25.10%,11.90%,51.10%,0.00%,8.40%,0.00%,1.30%,2.10%,"$60,248",31.60%,62.1,17,706,"17,071","15,905",93%,22%,78%,,61,"1,434","1,816","1,435","1,585","1,822","1,335","1,998","1,464","4,121","3,916","1,106","3,158","1,416","1,318","1,761","4,292",82,22,60.30%,32.70%,2.70%,2.40%,0.00%,0.00%,0.00%,1.00%,0.80%,"4,584","5,431","3,613","2,277","25,681",41.70%,13.70%,4.60%,14.10%,15.80%,10.20%,24.5
New Hanover Twp,Burlington,2023,22.3,33,"7,113",42.30%,29.50%,23.50%,0.20%,2.20%,0.10%,0.20%,2.00%,"$106,786",2.70%,40.5,104,27,732,562,77%,37%,63%,,0,201,208,97,57,75,25,7,4,58,337,240,25,17,0,7,106,0,0,35.40%,48.40%,1.60%,6.00%,0.00%,2.70%,4.40%,0.00%,1.40%,10,113,294,145,"1,591",64.40%,15.20%,0.00%,6.50%,6.80%,7.10%,14.2
New Milford Boro,Bergen,2023,2.3,"2,795","16,882",47.60%,4.70%,22.10%,0.50%,20.50%,0.00%,0.80%,3.80%,"$113,513",4.60%,26.5,327,79,"6,428","6,157",96%,63%,37%,,0,85,32,109,392,408,851,"2,041","1,645",865,"4,158",96,317,"1,315",185,106,237,14,0,82.60%,10.40%,2.00%,3.90%,0.00%,0.00%,0.00%,0.30%,0.80%,270,"2,340","2,315","1,232","8,606",62.90%,10.70%,7.80%,1.00%,3.60%,14.00%,29.7
New Providence Boro,Union,2023,3.7,"1,486","13,577",68.20%,1.50%,7.20%,0.00%,16.40%,0.10%,0.10%,6.50%,"$162,877",2.10%,18,516,152,"5,500","5,201",95%,76%,24%,,18,657,265,191,259,554,"1,208","1,586",177,585,"3,608",178,221,202,260,277,754,0,0,87.60%,9.20%,1.30%,0.00%,0.00%,0.00%,1.20%,0.00%,0.70%,272,"1,695","2,382",852,"6,098",55.70%,3.40%,11.90%,1.20%,0.60%,27.30%,34.2
Newark City,Essex,2023,24.1,"5,046","307,188",9.30%,45.50%,37.20%,0.20%,1.80%,0.00%,2.50%,3.50%,"$48,416",24.70%,64,16,"5,676","121,604","113,748",94%,24%,76%,,228,"6,945","14,701","10,516","8,862","12,999","15,265","12,532","10,913","28,643","14,041","14,161","23,140","26,637","10,677","6,992","25,653",244,59,70.70%,19.90%,2.80%,2.90%,0.00%,0.00%,0.10%,0.70%,2.90%,"40,471","48,235","18,584","6,458","126,689",50.40%,11.00%,18.60%,4.90%,8.90%,6.10%,33.2
Newfield Boro,Gloucester,2023,1.7,391,"1,811",80.20%,2.80%,16.30%,0.00%,0.00%,0.00%,0.00%,0.70%,"$105,000",3.90%,29.5,255,44,664,664,100%,91%,9%,,17,34,76,42,79,152,48,81,32,103,615,4,5,40,0,0,0,0,0,82.50%,6.90%,2.00%,8.00%,0.00%,0.00%,0.00%,0.60%,0.00%,34,121,258,251,993,82.00%,10.40%,0.00%,0.10%,0.60%,6.90%,32.3
Newton Town,Sussex,2023,3.4,"1,116","8,336",75.30%,7.60%,13.10%,0.00%,0.70%,0.00%,0.20%,3.10%,"$73,679",15.00%,41.2,97,242,"3,794","3,439",91%,59%,41%,,0,190,323,157,240,492,476,401,150,"1,365","2,026",188,140,202,114,211,881,32,0,50.20%,25.90%,2.50%,19.40%,0.00%,0.30%,0.60%,0.50%,0.60%,353,"1,277","1,214",595,"3,913",80.90%,6.30%,0.30%,2.90%,1.50%,8.20%,26
North Arlington Boro,Bergen,2023,2.5,"2,794","16,368",53.70%,1.40%,31.60%,0.00%,8.80%,0.20%,0.20%,4.00%,"$101,493",3.70%,32.6,202,266,"6,986","6,646",95%,46%,54%,,12,91,80,193,251,500,"1,061","2,291","1,133","1,374","2,644",251,"1,759",971,538,469,354,0,0,83.00%,6.30%,4.00%,3.70%,0.00%,0.00%,0.40%,0.60%,2.10%,435,"2,489","2,784",938,"8,721",65.10%,6.90%,13.00%,0.40%,3.90%,10.70%,32.2
North Bergen Twp,Hudson,2023,5.1,"4,907","61,202",19.90%,2.60%,68.60%,0.00%,6.70%,0.00%,0.70%,1.60%,"$75,505",12.90%,44.8,60,988,"25,024","23,784",95%,41%,59%,,97,"1,299","1,218","1,601","1,856","3,389","3,294","2,753","2,237","7,280","4,218","1,464","5,377","2,894","1,433","1,601","8,009",7,21,70.70%,19.20%,3.20%,4.50%,0.00%,0.00%,0.40%,0.60%,1.40%,"5,460","11,638","4,889","1,797","29,993",49.40%,9.00%,24.20%,6.00%,2.30%,9.20%,33.4
North Brunswick Twp,Middlesex,2023,12,"1,316","43,867",26.80%,20.20%,26.60%,0.30%,22.70%,0.10%,0.30%,3.10%,"$117,301",7.30%,32.7,200,506,"15,795","15,435",98%,58%,42%,,71,911,"1,561","1,956","4,427","2,215","2,301","1,015",742,596,"5,989","2,994",465,891,"1,346","2,126","1,548",436,0,84.30%,13.70%,0.60%,1.00%,0.00%,0.00%,0.10%,0.10%,0.20%,"1,096","5,082","6,358","2,899","22,401",62.50%,11.60%,4.50%,3.40%,1.50%,16.50%,28.7
North Caldwell Boro,Essex,2023,3.1,759,"6,622",78.40%,2.30%,6.20%,0.00%,10.10%,0.00%,0.00%,3.00%,"$203,140",1.80%,14.8,548,15,"2,353","2,220",94%,96%,4%,,0,353,98,126,174,270,300,667,82,283,"2,025",155,25,15,27,106,0,0,0,91.40%,0.50%,0.00%,8.10%,0.00%,0.00%,0.00%,0.00%,0.00%,16,417,"1,380",407,"3,364",61.70%,4.10%,4.60%,0.00%,0.00%,29.60%,27.9
North Haledon Boro,Passaic,2023,3.5,880,"8,757",68.60%,2.30%,21.00%,0.30%,5.60%,0.00%,0.00%,2.30%,"$131,810",1.90%,27.7,296,91,"3,080","2,998",97%,93%,7%,,55,84,505,166,138,231,457,633,193,618,"2,510",337,74,15,0,25,103,0,16,94.60%,2.70%,0.60%,1.40%,0.00%,0.00%,0.60%,0.00%,0.00%,217,638,"1,135","1,008","4,281",68.30%,8.00%,5.00%,1.70%,1.60%,15.40%,32.6
North Hanover Twp,Burlington,2023,17.4,174,"7,977",65.30%,5.80%,19.90%,0.00%,0.90%,0.00%,0.20%,8.00%,"$83,447",9.70%,34.1,175,76,"3,031","2,788",92%,43%,57%,,0,474,689,666,328,421,166,68,73,146,975,"1,059",45,86,306,12,38,510,0,22.90%,45.40%,4.90%,21.80%,0.00%,1.60%,3.00%,0.50%,0.00%,3,924,"1,262",599,"3,609",76.00%,10.00%,0.00%,1.10%,0.60%,12.20%,25.4
North Plainfield Boro,Somerset,2023,2.8,"2,896","22,667",18.80%,20.00%,53.70%,0.00%,3.80%,0.00%,1.80%,2.00%,"$83,529",14.00%,37.9,122,264,"8,109","7,988",99%,56%,45%,,0,16,106,611,334,583,"1,250","1,640","1,261","2,308","4,241",148,"1,045",684,689,433,869,0,0,87.10%,7.40%,0.50%,3.50%,0.00%,0.00%,0.00%,0.20%,1.30%,460,"3,229","2,771","1,528","11,992",68.10%,11.10%,5.00%,0.70%,7.10%,7.90%,31.5
North Wildwood City,Cape May,2023,1.7,"4,957","3,620",91.40%,0.00%,5.00%,0.00%,0.00%,0.00%,0.00%,3.60%,"$85,812",9.90%,46,54,202,"8,427","1,901",23%,77%,23%,Yes,53,417,"1,686",224,974,"1,103",713,"1,145",649,"1,463","2,716","3,518",472,312,448,247,714,0,0,77.30%,22.20%,0.00%,0.00%,0.00%,0.00%,0.00%,0.00%,0.50%,77,911,739,174,"1,396",75.90%,9.20%,1.60%,3.40%,2.00%,7.90%,38
Northfield City,Atlantic,2023,3.6,958,"8,427",74.20%,2.80%,11.30%,0.00%,9.30%,0.00%,0.30%,2.30%,"$104,042",4.40%,31.8,213,221,"3,447","3,299",96%,88%,12%,,9,118,255,301,390,319,750,677,152,476,"3,095",27,41,0,25,62,197,0,0,90.00%,3.50%,0.40%,4.50%,0.00%,0.00%,1.40%,0.20%,0.00%,36,941,"1,362",960,"4,478",81.20%,3.80%,1.30%,0.90%,5.50%,7.30%,22.1
Northvale Boro,Bergen,2023,1.3,"1,298","4,782",48.20%,1.20%,13.30%,0.00%,36.80%,0.00%,0.00%,0.60%,"$117,717",3.70%,25.4,351,145,"1,688","1,678",99%,77%,23%,,0,172,191,110,53,236,414,193,119,200,"1,329",35,88,106,19,58,53,0,0,88.00%,6.30%,0.70%,2.40%,0.00%,2.00%,0.00%,0.70%,0.00%,95,373,881,329,"2,239",67.80%,6.10%,9.80%,1.30%,2.30%,12.70%,28.6
Norwood Boro,Bergen,2023,2.8,731,"5,668",59.30%,1.20%,6.40%,0.20%,30.30%,0.00%,0.90%,1.80%,"$164,766",3.30%,21.4,436,96,"2,048","1,981",97%,80%,20%,,28,44,165,508,270,90,345,273,23,302,"1,339",361,34,106,9,0,199,0,0,89.80%,8.40%,1.00%,0.80%,0.00%,0.00%,0.00%,0.00%,0.00%,75,438,"1,017",451,"2,823",60.90%,9.80%,4.50%,1.50%,2.00%,21.30%,33.7
Nutley Twp,Essex,2023,3.4,"3,519","29,767",58.10%,2.30%,24.60%,0.00%,11.30%,0.00%,0.50%,3.20%,"$115,389",5.70%,27,315,479,"11,964","11,558",97%,69%,32%,,12,370,841,422,607,852,"1,066","2,252","1,505","4,037","6,465",818,"1,416","1,057",764,538,906,0,0,80.00%,13.20%,1.30%,4.40%,0.00%,0.10%,0.20%,0.30%,0.40%,653,"4,380","4,638","1,887","15,788",63.30%,4.10%,9.80%,0.90%,1.50%,20.40%,33.5
Oakland Boro,Bergen,2023,8.5,551,"12,700",80.20%,1.30%,11.90%,0.00%,3.40%,0.00%,1.40%,1.90%,"$162,862",3.20%,21.1,444,208,"4,687","4,395",94%,92%,8%,,0,95,287,261,210,336,"1,133","1,707",233,425,"4,265",202,73,65,37,9,31,5,0,87.60%,4.10%,2.00%,5.10%,0.00%,1.10%,0.00%,0.10%,0.00%,172,873,"1,976","1,374","6,746",71.30%,4.70%,3.30%,1.30%,1.00%,18.40%,30.2
Oaklyn Boro,Camden,2023,0.6,"3,048","3,934",80.90%,4.10%,6.60%,0.00%,1.10%,0.00%,0.50%,6.70%,"$81,514",7.10%,35.3,155,68,"1,829","1,776",97%,63%,37%,,0,20,15,21,76,107,113,304,378,795,"1,138",44,210,180,92,37,128,0,0,75.50%,15.40%,1.20%,7.30%,0.00%,0.00%,0.20%,0.00%,0.50%,149,701,606,320,"2,211",71.70%,2.40%,7.30%,1.00%,1.10%,16.40%,27.3
Ocean City,Cape May,2023,6.8,"3,074","11,260",85.80%,2.20%,9.30%,0.00%,0.30%,0.00%,1.10%,1.10%,"$101,782",7.90%,30.5,234,589,"20,905","5,619",27%,72%,28%,Yes,262,"1,850","3,387","2,264","4,031","2,468","1,668",995,656,"3,324","6,265","8,441","2,996",844,555,501,"1,288",15,0,71.60%,25.40%,1.50%,0.90%,0.00%,0.00%,0.20%,0.20%,0.10%,590,"2,257","2,115",657,"5,212",61.00%,7.40%,0.20%,8.30%,7.20%,15.90%,26.9
Ocean Gate Boro,Ocean,2023,0.5,"2,462","1,768",90.90%,1.10%,0.50%,0.00%,2.40%,0.00%,0.00%,5.10%,"$75,278",3.80%,38.5,118,13,"1,231",754,61%,81%,19%,Yes,0,43,42,94,78,41,216,263,123,331,"1,178",0,47,0,0,6,0,0,0,94.00%,4.60%,0.00%,1.30%,0.00%,0.00%,0.00%,0.00%,0.00%,74,254,270,156,797,90.30%,1.00%,0.00%,1.60%,0.00%,7.00%,27.2
Ocean Twp (Monmouth),Monmouth,2023,10.9,"1,085","27,792",67.60%,10.30%,12.90%,0.00%,3.20%,0.80%,0.70%,4.70%,"$112,586",6.70%,26.8,319,402,"11,828","10,897",92%,62%,38%,,87,457,"1,164","1,134","1,518","2,007","2,239","1,630",557,"1,035","7,364",806,134,447,609,"1,417","1,012",39,0,80.10%,15.40%,1.30%,1.90%,0.00%,0.00%,0.00%,1.00%,0.20%,436,"3,691","4,697","2,073","13,788",70.30%,7.10%,2.90%,0.70%,3.50%,15.50%,27
Ocean Twp (Ocean),Ocean,2023,20.9,204,"8,915",89.90%,1.20%,5.10%,0.00%,0.90%,0.00%,0.00%,2.90%,"$107,364",6.60%,28.6,275,117,"4,260","3,673",86%,88%,12%,,194,552,967,217,400,385,688,635,81,141,"3,949",57,17,0,41,0,196,0,0,88.30%,9.50%,0.00%,0.00%,0.00%,1.40%,0.00%,0.80%,0.00%,150,870,"1,815",838,"3,845",75.20%,11.10%,1.10%,0.70%,0.30%,11.50%,39.5
Oceanport Boro,Monmouth,2023,3.2,833,"6,130",84.10%,0.60%,4.70%,0.00%,2.50%,0.00%,0.00%,8.10%,"$156,196",2.90%,24.8,366,36,"2,666","2,490",93%,94%,7%,,42,166,303,161,525,365,412,346,88,258,"2,102",362,0,20,0,19,112,51,0,88.70%,7.70%,0.00%,2.40%,0.00%,0.00%,1.20%,0.00%,0.00%,50,708,"1,205",527,"2,864",68.80%,12.40%,8.00%,0.70%,0.70%,9.40%,33.2
Ogdensburg Boro,Sussex,2023,2.2,447,"2,231",78.90%,0.20%,16.60%,0.00%,1.30%,0.00%,0.00%,3.00%,"$104,946",7.00%,29.4,259,31,984,857,87%,89%,11%,,26,3,38,45,93,131,267,64,74,243,860,0,71,35,13,0,0,5,0,20.80%,5.80%,11.10%,58.20%,0.00%,2.80%,0.00%,0.70%,0.60%,48,180,343,286,"1,266",88.50%,2.80%,0.00%,1.30%,0.60%,6.90%,34.2
Old Bridge Twp,Middlesex,2023,38.2,697,"67,392",56.50%,8.30%,16.20%,0.10%,14.80%,0.00%,0.20%,4.00%,"$100,661",8.50%,29.8,251,559,"26,622","25,781",97%,70%,30%,,46,902,"2,452","2,818","4,648","3,054","5,870","5,010",629,"1,193","15,208","3,230",652,"2,103",940,"2,506","1,965",18,0,83.00%,10.80%,1.30%,3.40%,0.00%,0.00%,0.10%,0.30%,1.00%,"1,555","8,050","10,667","5,509","33,835",68.10%,7.10%,8.60%,1.40%,1.30%,13.50%,36.1
Old Tappan Boro,Bergen,2023,3.3,614,"5,896",51.10%,0.20%,6.60%,0.00%,40.70%,0.00%,0.30%,1.10%,"$199,250",2.40%,16.2,537,50,"2,027","1,935",95%,90%,10%,,40,124,289,500,157,199,390,199,64,65,"1,446",459,29,0,55,22,7,0,9,89.60%,4.90%,1.40%,3.40%,0.00%,0.00%,0.00%,0.40%,0.40%,65,275,"1,060",535,"2,612",66.60%,3.10%,4.90%,3.80%,4.10%,17.50%,32.7
Oldmans Twp,Salem,2023,19.5,35,"1,826",88.10%,2.90%,6.40%,0.10%,0.90%,0.00%,0.20%,1.60%,"$109,420",7.00%,29.2,261,55,681,625,92%,86%,14%,,19,77,65,64,39,40,40,124,38,175,600,39,34,8,0,0,0,0,0,37.40%,10.20%,12.20%,29.10%,0.00%,5.10%,1.10%,4.20%,0.60%,12,141,270,202,835,69.70%,5.30%,0.20%,4.30%,3.70%,16.80%,25.8
Oradell Boro,Bergen,2023,2.4,"1,145","8,197",72.40%,1.20%,7.00%,0.00%,14.90%,0.00%,0.10%,4.50%,"$214,736",3.60%,16.2,536,96,"2,749","2,687",98%,90%,10%,,8,110,94,6,100,186,494,884,284,583,"2,508",65,31,38,38,47,22,0,0,90.00%,6.90%,1.50%,1.60%,0.00%,0.00%,0.00%,0.00%,0.00%,64,512,"1,325",786,"3,961",47.70%,2.20%,10.80%,0.90%,1.10%,37.30%,36.1
Oxford Twp,Warren,2023,6,179,"2,906",86.40%,1.70%,8.90%,0.00%,0.60%,0.00%,1.20%,1.20%,"$106,682",4.50%,28.2,287,26,"1,071","1,054",98%,91%,9%,,0,5,119,128,119,72,95,85,24,424,810,116,0,25,21,0,9,90,0,33.10%,6.10%,5.00%,49.90%,0.00%,4.60%,0.00%,1.30%,0.00%,51,272,372,359,"1,581",81.10%,6.10%,0.40%,0.60%,0.40%,11.40%,39.2
Palisades Park Boro,Bergen,2023,1.2,"6,343","20,192",17.90%,2.60%,23.90%,0.10%,54.80%,0.00%,0.30%,0.40%,"$101,295",10.00%,31.3,218,275,"7,612","7,375",97%,37%,63%,,48,753,"1,619",641,476,649,803,887,864,872,"1,277","1,635","1,896",604,390,467,"1,308",35,0,76.30%,14.20%,6.10%,2.40%,0.00%,0.00%,0.20%,0.40%,0.40%,"1,075","2,857","2,349","1,094","11,358",54.80%,12.40%,18.90%,2.00%,1.90%,9.90%,32.1
Palmyra Boro,Burlington,2023,1.8,"1,892","7,447",63.30%,14.90%,9.00%,0.00%,4.00%,0.00%,0.00%,8.70%,"$85,014",8.90%,32,210,131,"3,406","3,283",96%,70%,30%,,0,26,228,109,350,710,161,391,267,"1,164","1,777",803,230,87,178,232,99,0,0,65.50%,26.30%,0.00%,7.20%,0.00%,0.00%,0.00%,0.00%,0.90%,143,"1,488","1,240",412,"4,178",70.70%,8.40%,3.10%,2.70%,0.90%,14.20%,25.2
Paramus Boro,Bergen,2023,10.4,856,"26,500",56.10%,3.90%,13.20%,0.50%,23.50%,0.00%,0.30%,2.50%,"$139,707",5.50%,24.7,375,488,"8,898","8,420",95%,82%,18%,,78,528,800,839,538,812,"1,201","3,059",516,527,"7,489",385,354,101,46,8,506,9,0,86.80%,10.40%,0.60%,1.30%,0.00%,0.10%,0.30%,0.20%,0.30%,293,"1,891","3,731","2,505","11,630",63.20%,5.70%,7.80%,1.30%,0.50%,21.50%,30.6
Park Ridge Boro,Bergen,2023,2.6,"1,312","9,218",80.00%,1.80%,14.20%,0.00%,2.20%,0.00%,0.00%,1.80%,"$165,391",2.50%,21.1,447,91,"3,410","3,256",95%,82%,18%,,36,70,197,191,320,558,477,794,112,655,"2,389",238,154,242,49,132,206,0,0,86.60%,7.40%,1.60%,4.10%,0.40%,0.00%,0.00%,0.00%,0.00%,209,707,"1,471",869,"5,052",63.30%,4.60%,3.70%,4.70%,2.00%,21.80%,27.6
Parsippany-Troy Hills Twp,Morris,2023,23.6,984,"56,072",47.20%,2.80%,8.60%,0.20%,37.90%,0.00%,0.30%,3.00%,"$112,923",4.40%,25.7,347,655,"23,215","22,656",98%,60%,40%,,93,626,"1,482","1,622","2,851","4,478","6,334","3,162","1,211","1,356","11,837","2,050",780,713,993,"2,295","4,523",24,0,73.80%,14.40%,2.40%,7.90%,0.00%,0.20%,0.00%,0.70%,0.60%,"1,716","8,589","8,854","3,497","30,429",68.50%,6.80%,3.60%,1.30%,1.20%,18.60%,26.9
Passaic City,Passaic,2023,3.1,"6,780","69,651",14.60%,6.30%,73.00%,0.10%,4.70%,0.00%,0.70%,0.60%,"$56,780",23.00%,68.4,13,"1,263","21,019","20,434",97%,24%,77%,,22,555,775,510,"1,196",963,"1,501","1,760","1,828","11,909","3,157",874,"5,095","2,481","3,788","2,023","3,527",60,14,84.60%,9.50%,2.00%,2.40%,0.00%,0.00%,0.00%,0.60%,0.80%,"5,500","8,873","4,510","1,551","29,438",48.90%,16.50%,13.00%,11.30%,2.10%,8.20%,25.9
Paterson City,Passaic,2023,8.4,"6,254","157,660",7.80%,23.30%,62.80%,0.00%,4.80%,0.00%,0.60%,0.70%,"$53,766",23.60%,72.3,9,"4,024","52,532","49,688",95%,26%,74%,,287,"2,305","2,481","3,160","2,665","4,656","5,256","7,286","6,973","17,463","8,909","2,069","17,524","10,809","3,521","2,588","7,048",48,16,82.80%,12.60%,1.80%,1.60%,0.00%,0.00%,0.00%,0.30%,0.90%,"13,692","20,135","11,149","4,712","65,472",62.40%,17.10%,8.00%,5.80%,1.90%,4.80%,23.1
Paulsboro Boro,Gloucester,2023,1.9,"1,435","6,213",38.90%,34.70%,18.90%,0.50%,0.60%,0.00%,0.00%,6.50%,"$68,750",12.70%,54.7,23,128,"2,727","2,336",86%,66%,34%,,0,6,67,40,114,363,340,619,339,839,"1,881",207,245,283,92,19,0,0,0,53.80%,21.80%,2.20%,21.60%,0.00%,0.70%,0.00%,0.00%,0.00%,284,"1,004",785,263,"2,494",80.10%,9.70%,1.40%,1.60%,0.80%,6.50%,23.8
Peapack-Gladstone Boro,Somerset,2023,5.7,179,"2,547",83.70%,3.60%,7.50%,0.00%,3.20%,0.00%,0.00%,2.00%,"$184,231",2.40%,17,527,41,"1,018",984,97%,76%,24%,,0,24,16,163,134,192,49,52,42,346,955,12,18,0,0,33,0,0,0,56.60%,3.30%,2.30%,37.80%,0.00%,0.00%,0.00%,0.00%,0.00%,21,214,508,241,"1,268",55.30%,7.30%,2.60%,9.70%,1.30%,23.80%,25.3
Pemberton Boro,Burlington,2023,0.6,940,"1,373",57.40%,9.90%,21.30%,0.00%,1.40%,0.00%,1.00%,9.10%,"$88,333",11.50%,44.7,62,36,564,540,96%,58%,42%,,0,13,140,36,6,34,36,42,12,245,366,25,38,64,34,28,9,0,0,69.10%,13.10%,3.00%,14.80%,0.00%,0.00%,0.00%,0.00%,0.00%,49,141,262,88,631,67.80%,13.90%,1.30%,1.60%,1.60%,13.80%,29.7
Pemberton Twp,Burlington,2023,61.6,177,"26,897",58.20%,16.10%,15.50%,0.00%,3.80%,0.00%,0.10%,6.30%,"$79,730",10.30%,41.2,95,150,"10,924","10,090",92%,73%,27%,,20,335,823,932,"1,273","3,139","2,060","1,608",300,434,"7,949",933,167,345,267,290,305,668,0,51.80%,23.40%,3.00%,17.70%,0.10%,1.40%,0.50%,1.20%,0.90%,509,"3,324","2,982","3,275","12,894",78.30%,13.60%,0.20%,1.60%,0.90%,5.50%,30.8
Pennington Boro,Mercer,2023,1,"1,268","2,798",83.00%,2.10%,5.80%,0.00%,7.40%,0.00%,0.40%,1.30%,"$171,282",4.50%,18.9,501,57,"1,268","1,168",92%,80%,21%,,15,48,50,154,143,86,77,158,114,423,854,156,26,72,5,47,108,0,0,70.40%,15.80%,0.00%,12.80%,0.60%,0.40%,0.00%,0.00%,0.00%,80,334,541,213,"1,490",64.40%,3.90%,2.80%,4.00%,1.70%,23.20%,26
Penns Grove Boro,Salem,2023,0.9,"2,042","4,860",32.10%,30.30%,31.30%,0.00%,0.40%,1.60%,0.10%,4.20%,"$43,889",36.30%,91.8,3,107,"1,838","1,540",84%,38%,62%,,0,19,39,73,85,68,400,549,199,406,895,332,47,218,20,121,205,0,0,62.90%,25.30%,1.50%,9.60%,0.00%,0.00%,0.00%,0.60%,0.00%,368,551,416,205,"1,298",86.40%,3.10%,1.80%,2.20%,5.30%,1.20%,21.9
Pennsauken Twp,Camden,2023,10.5,"1,312","37,089",25.60%,25.50%,36.90%,0.00%,8.30%,0.00%,1.10%,2.60%,"$83,412",15.20%,47.2,47,816,"13,771","12,958",94%,74%,26%,,168,280,451,688,845,"1,380","2,233","4,040","1,087","2,599","9,372","1,389",854,771,135,176,953,121,0,74.90%,17.00%,2.40%,4.20%,0.00%,0.00%,0.50%,0.80%,0.30%,"1,229","4,033","4,775","2,921","17,153",69.00%,15.50%,2.20%,0.10%,2.20%,11.10%,25.3
Pennsville Twp,Salem,2023,21.3,276,"12,709",84.70%,3.50%,6.40%,0.10%,0.40%,0.00%,1.20%,3.80%,"$74,219",12.30%,40.8,100,204,"5,880","5,307",90%,78%,22%,,0,39,305,347,362,"1,216",965,"1,391",435,820,"4,523",91,136,172,121,122,499,216,0,55.30%,22.90%,1.30%,18.80%,0.00%,0.80%,0.30%,0.40%,0.20%,260,"1,868","1,894","1,285","5,553",83.30%,5.90%,0.00%,2.00%,0.40%,8.40%,24.6
Pequannock Twp,Morris,2023,6.8,957,"15,576",85.10%,1.20%,9.90%,0.00%,1.90%,0.00%,0.00%,1.90%,"$117,206",5.40%,24.8,369,254,"6,506","6,297",97%,84%,16%,,17,60,"1,220",816,534,436,799,"1,593",512,519,"4,099",191,0,156,120,239,"1,701",0,0,71.40%,20.50%,2.60%,4.70%,0.00%,0.00%,0.00%,0.00%,0.70%,819,"1,870","2,358","1,250","7,242",73.50%,5.00%,3.50%,2.50%,0.70%,14.70%,27.4
Perth Amboy City,Middlesex,2023,4.7,"4,188","55,278",11.40%,5.50%,80.80%,0.00%,1.30%,0.00%,0.40%,0.60%,"$58,490",20.00%,59.6,18,844,"19,684","19,019",97%,33%,67%,,239,941,"1,497","1,543","1,060","1,942","1,982","2,255","1,959","6,266","5,924","1,636","4,358","2,309","1,447","1,457","2,467",86,0,74.40%,17.60%,2.30%,4.30%,0.00%,0.00%,0.10%,0.40%,0.90%,"3,865","8,290","4,505","2,359","24,494",59.10%,13.70%,3.80%,7.20%,12.10%,4.00%,24.8
Phillipsburg Town,Warren,2023,3.2,"2,193","15,251",62.80%,12.90%,16.30%,0.40%,1.50%,0.00%,0.50%,5.60%,"$67,782",17.40%,51.4,36,372,"7,018","6,616",94%,59%,41%,,57,46,199,294,264,480,462,874,976,"3,366","3,986","1,194",546,300,226,240,526,0,0,68.20%,12.30%,0.90%,16.20%,0.00%,0.00%,0.00%,0.80%,1.70%,"1,016","2,719","1,700","1,181","7,662",76.60%,11.10%,1.50%,4.30%,3.70%,2.80%,28.5
Pilesgrove Twp,Salem,2023,34.9,45,"4,202",77.90%,6.50%,12.10%,0.00%,0.60%,0.00%,0.00%,2.90%,"$153,242",1.70%,32.2,209,74,"1,564","1,458",93%,87%,14%,,0,63,217,287,125,275,150,263,7,177,"1,407",37,60,0,32,14,14,0,0,37.00%,19.30%,4.90%,32.40%,0.00%,2.50%,2.70%,0.70%,0.40%,81,228,667,482,"1,865",86.10%,1.10%,0.50%,0.30%,0.00%,12.10%,25.9
Pine Beach Boro,Ocean,2023,0.6,"1,775","2,378",87.40%,2.50%,7.70%,0.10%,1.60%,0.00%,0.00%,0.60%,"$121,333",3.10%,24.8,370,20,"1,065",962,90%,96%,4%,,8,31,52,73,123,92,115,160,117,294,"1,054",0,11,0,0,0,0,0,0,79.50%,1.20%,0.00%,18.90%,0.00%,0.00%,0.00%,0.00%,0.30%,26,166,547,223,"1,322",82.50%,5.30%,0.50%,0.80%,0.00%,10.90%,23.7
Pine Hill Boro,Camden,2023,4.9,979,"10,762",49.60%,25.70%,12.60%,0.00%,2.60%,0.00%,0.00%,9.60%,"$68,725",15.40%,46.8,48,75,"4,798","4,582",95%,61%,39%,,0,176,646,674,399,"1,348",511,585,182,277,"2,150",804,175,324,481,341,490,33,0,75.00%,19.20%,0.10%,4.30%,0.00%,0.00%,0.50%,0.00%,1.00%,554,"1,536","1,827",665,"5,410",78.10%,5.90%,0.90%,0.60%,6.50%,8.00%,31.6
Piscataway Twp,Middlesex,2023,18.8,965,"60,632",29.80%,19.20%,14.30%,0.10%,32.80%,0.00%,0.70%,3.10%,"$126,308",5.50%,28.7,272,471,"18,147","17,399",96%,65%,35%,,273,"1,098","1,355","2,272","2,590","2,552","4,128","2,278",609,992,"10,391","1,514",585,768,"1,351","1,811","1,692",35,0,82.20%,12.00%,1.70%,3.00%,0.00%,0.00%,0.20%,0.10%,0.60%,864,"4,969","6,793","4,773","30,497",65.80%,7.50%,3.00%,6.20%,2.30%,15.20%,27.5
Pitman Boro,Gloucester,2023,2.2,"1,736","8,834",92.30%,2.30%,2.80%,0.00%,1.60%,0.00%,0.10%,0.90%,"$96,199",4.60%,28.6,273,139,"3,819","3,591",94%,73%,27%,,0,33,35,205,106,285,489,621,340,"1,705","2,788",118,237,177,159,159,142,39,0,82.30%,5.00%,4.70%,6.20%,0.00%,0.10%,0.30%,0.80%,0.50%,150,"1,145","1,689",607,"4,663",81.90%,2.30%,1.10%,0.90%,0.90%,13.00%,27.6
Pittsgrove Twp,Salem,2023,44.9,74,"8,803",77.10%,7.70%,10.40%,0.10%,1.10%,0.00%,0.40%,3.10%,"$83,808",10.70%,35.5,153,85,"3,309","3,247",98%,86%,14%,,0,21,350,414,587,723,527,254,134,299,"2,940",10,0,10,0,0,0,349,0,52.40%,8.80%,5.50%,30.40%,0.00%,1.30%,0.00%,1.70%,0.00%,159,981,"1,039","1,068","3,925",88.70%,2.50%,0.20%,0.30%,1.40%,6.90%,29.7
Plainfield City,Union,2023,6,"2,858","54,515",7.70%,32.60%,55.60%,0.00%,0.80%,0.00%,1.70%,1.60%,"$80,334",17.10%,52.4,32,692,"17,149","16,252",95%,42%,58%,,111,581,469,706,546,"1,726","1,921","2,520","1,762","6,807","7,163",711,"3,154","1,958",913,432,"2,764",54,0,75.50%,17.70%,1.20%,4.10%,0.00%,0.00%,0.10%,0.30%,1.00%,"2,325","6,250","4,640","3,037","26,268",60.70%,5.80%,4.50%,1.70%,20.70%,6.50%,30.1
Plainsboro Twp,Middlesex,2023,11.7,915,"23,954",30.20%,6.50%,4.40%,0.00%,56.30%,0.00%,0.20%,2.40%,"$124,852",2.40%,20.9,456,123,"10,710","10,181",95%,49%,52%,,12,241,"1,543","1,967","3,996","1,610",724,370,96,151,"3,175","1,372",48,974,"1,928","2,120","1,093",0,0,56.00%,42.30%,0.30%,1.00%,0.00%,0.00%,0.00%,0.10%,0.40%,553,"5,137","3,333","1,158","12,758",57.70%,2.70%,6.70%,0.80%,0.80%,31.30%,33.2
Pleasantville City,Atlantic,2023,5.7,"1,291","20,604",8.00%,33.00%,51.60%,0.20%,1.90%,0.00%,0.30%,5.00%,"$52,403",23.30%,69.5,12,429,"7,356","6,772",92%,45%,55%,,34,381,804,715,"1,085",427,771,"1,032",365,"1,742","4,066",449,323,699,357,487,908,61,6,69.30%,16.60%,3.40%,7.50%,0.00%,0.00%,0.50%,1.10%,1.60%,"1,130","2,419","1,863","1,360","9,444",67.70%,15.60%,6.90%,3.20%,1.70%,4.90%,20.9
Plumsted Twp,Ocean,2023,39.1,90,"8,397",89.50%,0.80%,9.70%,0.00%,0.00%,0.00%,0.00%,0.00%,"$89,308",7.40%,30.9,221,107,"3,503","3,323",95%,79%,21%,,91,132,598,811,620,416,341,192,108,194,"2,820",261,114,0,48,0,0,260,0,43.70%,10.40%,10.50%,31.70%,0.00%,3.30%,0.00%,0.00%,0.40%,99,987,"1,120","1,117","4,269",87.40%,2.90%,0.00%,1.20%,0.00%,8.60%,33.6
Pohatcong Twp,Warren,2023,13.4,110,"3,258",85.60%,2.20%,9.90%,0.00%,0.30%,0.00%,0.00%,2.00%,"$112,981",7.50%,28.1,288,60,"1,470","1,387",94%,87%,13%,,55,49,53,44,79,126,274,277,176,337,"1,284",105,53,21,0,7,0,0,0,16.70%,5.80%,5.10%,70.70%,0.00%,1.10%,0.70%,0.00%,0.00%,0,344,638,405,"1,815",88.50%,1.40%,0.60%,3.50%,0.80%,5.20%,33.4
Point Pleasant Beach Boro,Ocean,2023,1.4,"2,040","4,826",83.50%,0.90%,13.50%,0.30%,0.60%,0.00%,0.30%,1.00%,"$131,641",11.20%,27.8,293,254,"2,856","1,897",66%,71%,30%,Yes,0,306,223,77,311,187,320,737,176,519,"1,981",342,248,70,183,20,12,0,0,91.50%,7.00%,0.00%,1.30%,0.00%,0.00%,0.00%,0.00%,0.20%,189,534,830,344,"2,589",53.10%,9.90%,6.10%,15.10%,4.80%,11.00%,33.1
Point Pleasant Boro,Ocean,2023,3.5,"2,435","19,158",86.70%,0.60%,10.30%,0.00%,0.50%,0.20%,0.20%,1.70%,"$108,713",3.80%,24.1,384,310,"8,522","7,890",93%,80%,20%,,15,418,450,436,"1,414","1,231","1,578","2,008",470,502,"6,701",487,277,138,263,475,154,0,27,87.50%,8.40%,0.60%,2.60%,0.00%,0.00%,0.20%,0.40%,0.20%,127,"2,303","3,603","1,857","10,915",75.70%,4.90%,1.20%,1.70%,4.50%,12.10%,30.3
Pompton Lakes Boro,Passaic,2023,2.9,"1,460","11,010",70.90%,0.80%,18.90%,0.00%,6.30%,0.00%,0.00%,3.10%,"$119,038",9.70%,28.6,278,167,"4,235","4,142",98%,80%,20%,,14,34,271,49,430,691,656,"1,046",549,495,"2,847",309,208,27,107,147,521,21,48,85.20%,9.70%,1.90%,2.80%,0.00%,0.00%,0.00%,0.30%,0.00%,130,"1,206","1,797","1,009","6,162",80.80%,3.20%,4.40%,1.60%,0.20%,9.80%,29.5
Port Republic City,Atlantic,2023,7.5,64,"1,047",94.40%,0.10%,2.20%,0.00%,0.80%,0.00%,0.00%,2.60%,"$130,417",1.70%,27.1,314,12,477,457,96%,95%,5%,,2,21,145,48,46,55,19,30,40,71,472,0,0,0,0,0,0,5,0,2.60%,21.90%,13.60%,26.70%,0.00%,3.10%,3.50%,25.40%,3.30%,0,96,152,209,524,83.60%,9.20%,0.00%,0.00%,0.00%,7.30%,27.9
Princeton,Mercer,2023,17.9,544,"30,451",60.20%,6.20%,8.10%,0.40%,19.70%,0.00%,0.40%,5.10%,"$184,113",6.80%,19.6,482,334,"9,737","9,002",92%,56%,44%,,121,"1,211",779,704,841,709,"1,068","1,402",531,"2,371","5,174","1,762",256,384,306,525,"1,327",3,0,73.60%,19.70%,1.10%,3.80%,0.00%,0.20%,0.00%,1.00%,0.70%,"1,288","2,920","3,663","1,131","14,223",33.30%,2.20%,6.70%,20.00%,6.00%,31.70%,24.1
Prospect Park Boro,Passaic,2023,0.5,"4,352","6,286",15.90%,14.30%,63.70%,0.20%,3.60%,0.00%,0.00%,2.30%,"$48,615",24.90%,53.4,29,62,"2,176","2,045",94%,40%,60%,,0,24,80,50,19,153,297,242,277,"1,034",443,136,"1,324",247,0,0,26,0,0,86.80%,6.50%,4.70%,0.60%,0.00%,0.00%,1.40%,0.00%,0.00%,214,875,621,335,"2,796",74.90%,16.10%,0.90%,1.30%,3.90%,2.90%,22
Quinton Twp,Salem,2023,23.8,49,"2,596",80.60%,10.80%,3.90%,0.00%,2.20%,0.00%,0.00%,2.50%,"$82,500",7.60%,33,193,54,"1,157","1,090",94%,76%,24%,,10,74,87,88,118,113,97,238,79,253,"1,023",19,9,0,14,0,0,92,0,8.50%,12.20%,20.80%,54.30%,0.00%,1.70%,2.50%,0.00%,0.00%,43,293,412,342,"1,412",74.30%,11.50%,0.00%,3.50%,1.70%,8.90%,28.1
Rahway City,Union,2023,3.9,"3,285","29,748",28.00%,30.70%,28.20%,0.00%,6.80%,0.00%,1.70%,4.60%,"$90,852",6.80%,36.7,133,434,"12,811","12,155",95%,53%,47%,,541,"1,614","1,230",272,711,941,"1,276","2,474","1,636","2,116","5,797",829,"1,523",379,486,513,"3,092",0,192,70.30%,19.20%,2.10%,6.90%,0.00%,0.00%,0.00%,0.30%,1.20%,"1,216","5,378","3,869","1,692","14,535",60.50%,11.30%,10.90%,0.60%,2.00%,14.70%,32.4
Ramsey Boro,Bergen,2023,5.5,958,"14,722",74.10%,0.40%,11.20%,0.00%,6.80%,0.00%,0.90%,6.60%,"$164,767",3.00%,18.9,500,247,"5,267","5,248",100%,84%,16%,,24,108,230,391,896,824,905,995,201,693,"3,700",570,249,258,111,113,252,14,0,86.50%,11.20%,0.60%,1.30%,0.00%,0.00%,0.00%,0.00%,0.30%,231,"1,426","2,316","1,275","7,134",64.20%,2.50%,8.40%,2.50%,0.50%,21.90%,33.6
Randolph Twp,Morris,2023,20.9,446,"26,460",66.30%,2.00%,16.60%,0.00%,9.60%,0.00%,1.30%,4.20%,"$176,471",5.10%,20.6,465,333,"9,315","9,151",98%,77%,23%,,60,356,465,"1,807","1,558","2,093","1,009","1,115",425,427,"6,966",560,248,419,117,508,497,0,0,69.90%,11.40%,1.60%,16.20%,0.00%,0.00%,0.00%,0.80%,0.10%,311,"2,234","4,541","2,065","13,336",69.30%,3.90%,2.50%,0.60%,1.00%,22.70%,31.8
Raritan Boro,Somerset,2023,2,"1,629","8,192",49.10%,3.70%,22.00%,0.10%,19.30%,0.00%,2.40%,3.50%,"$103,699",7.00%,27.6,299,179,"3,257","3,209",99%,53%,47%,,139,365,302,374,105,154,408,371,199,840,"1,540",318,507,236,59,163,426,0,8,81.90%,12.00%,2.10%,3.40%,0.00%,0.00%,0.00%,0.30%,0.40%,154,"1,025","1,262",768,"4,592",76.50%,5.20%,1.80%,0.90%,1.40%,14.10%,21.8
Raritan Twp,Hunterdon,2023,37.5,244,"23,957",76.00%,2.20%,9.40%,0.00%,9.00%,0.00%,0.00%,3.40%,"$159,808",2.90%,20.2,472,418,"9,136","8,988",98%,89%,11%,,105,321,"1,292","1,653","3,490",574,799,394,159,349,"5,986","1,974",136,161,474,251,113,41,0,81.10%,5.60%,2.10%,9.10%,0.00%,0.30%,0.40%,0.90%,0.70%,285,"2,102","3,963","2,638","12,832",72.60%,4.70%,1.10%,0.90%,0.40%,20.30%,31.3
Readington Twp,Hunterdon,2023,47.6,136,"16,213",80.00%,1.20%,11.00%,0.00%,4.40%,0.00%,0.10%,3.50%,"$150,021",2.80%,22,419,280,"6,497","6,316",97%,88%,12%,,17,432,488,"1,109","1,171","1,171",524,570,192,823,"4,933",787,140,228,192,72,145,0,0,61.50%,6.80%,4.40%,23.50%,0.00%,3.00%,0.40%,0.30%,0.00%,153,"1,649","2,604","1,910","7,702",74.90%,4.30%,1.70%,0.40%,0.80%,17.80%,34.7
Red Bank Boro,Monmouth,2023,1.7,"3,638","12,864",58.30%,6.70%,31.00%,0.10%,1.40%,0.00%,0.00%,2.60%,"$101,738",8.90%,30.4,236,610,"6,184","5,902",95%,50%,50%,,10,203,254,196,439,840,691,966,368,"2,217","2,616",539,376,523,326,398,"1,406",0,0,75.80%,14.60%,4.00%,4.00%,0.00%,0.00%,0.00%,0.30%,1.20%,800,"2,420","2,119",563,"7,030",64.30%,6.70%,4.80%,5.20%,5.50%,13.50%,30.9
Ridgefield Boro,Bergen,2023,2.5,"1,677","11,439",32.50%,1.30%,35.20%,0.00%,26.30%,0.00%,3.90%,0.90%,"$115,676",5.10%,27.4,308,314,"4,192","4,082",97%,47%,53%,,13,50,267,197,375,371,591,879,508,941,"1,667",456,"1,229",345,153,54,285,3,0,79.60%,10.80%,6.10%,1.20%,0.00%,0.00%,0.00%,0.60%,1.70%,218,"1,777","1,117",970,"5,920",63.90%,13.00%,11.20%,0.40%,2.40%,9.20%,29.9
Ridgefield Park Village,Bergen,2023,1.7,"3,170","13,167",33.20%,6.50%,49.50%,0.00%,7.90%,0.00%,0.30%,2.50%,"$98,184",13.00%,36.3,136,209,"5,389","5,113",95%,57%,43%,,12,28,96,35,203,459,818,898,469,"2,371","2,220",125,"1,278",219,77,532,927,0,11,67.40%,14.60%,3.10%,12.00%,0.00%,0.00%,0.00%,2.10%,0.80%,657,"1,945","1,721",790,"6,897",62.50%,10.50%,11.20%,2.60%,3.50%,9.90%,27.1
Ridgewood Village,Bergen,2023,5.7,"1,608","26,076",67.20%,2.20%,10.20%,0.30%,16.40%,0.00%,0.10%,3.60%,"$217,250",3.70%,15.8,540,321,"9,166","8,816",96%,84%,16%,,133,152,105,115,441,407,"1,220","2,008","1,163","3,422","7,415",217,310,229,190,229,564,12,0,84.70%,9.30%,0.70%,4.20%,0.00%,0.10%,0.00%,0.20%,0.80%,392,"2,292","4,120","2,012","12,528",50.10%,4.40%,12.20%,2.70%,2.10%,28.60%,35.6
Ringwood Boro,Passaic,2023,25.6,166,"11,600",81.70%,1.00%,10.50%,0.40%,2.20%,0.00%,0.30%,3.90%,"$142,529",2.40%,23,402,86,"4,241","4,154",98%,96%,5%,,0,43,298,137,284,661,"1,167",913,358,380,"4,064",18,54,51,0,0,0,54,0,71.20%,3.20%,3.30%,20.40%,0.90%,0.60%,0.20%,0.10%,0.00%,44,766,"2,190","1,154","6,201",75.70%,6.10%,1.90%,0.60%,0.60%,15.10%,33.7
River Edge Boro,Bergen,2023,1.8,"2,488","12,024",54.70%,4.70%,8.70%,0.00%,28.40%,0.00%,0.00%,3.40%,"$155,827",3.20%,21,453,126,"4,479","4,377",98%,76%,24%,,0,199,208,155,171,299,546,"1,029","1,109",763,"3,261",135,10,679,118,12,249,15,0,85.90%,6.90%,2.70%,3.00%,0.00%,0.00%,0.40%,0.60%,0.40%,325,"1,207","1,991",854,"6,333",59.40%,7.80%,10.50%,0.40%,1.80%,20.10%,34.7
River Vale Twp,Bergen,2023,4.1,873,"9,933",75.70%,1.50%,9.20%,0.00%,11.00%,0.00%,0.10%,2.50%,"$199,021",2.70%,21.8,421,33,"3,578","3,521",98%,90%,10%,,75,173,173,141,484,660,591,"1,045",77,159,"2,744",323,59,75,13,69,295,0,0,85.90%,12.20%,0.50%,0.90%,0.00%,0.00%,0.00%,0.40%,0.20%,91,845,"1,594",991,"4,872",56.00%,4.10%,10.90%,2.00%,1.30%,25.60%,35.7
Riverdale Boro,Morris,2023,2,"1,019","4,084",75.20%,1.70%,15.40%,0.00%,3.20%,0.00%,0.20%,4.30%,"$96,667",10.10%,25.2,357,135,"2,038","1,988",98%,71%,29%,,0,333,556,270,0,0,134,485,59,201,777,59,77,108,194,15,808,0,0,73.40%,18.30%,4.20%,4.10%,0.00%,0.00%,0.00%,0.00%,0.00%,111,789,783,305,"2,256",81.60%,2.60%,2.20%,0.00%,0.00%,13.70%,29.8
Riverside Twp,Burlington,2023,1.5,"2,218","8,017",59.50%,8.80%,19.90%,0.20%,1.20%,0.00%,1.80%,8.60%,"$74,932",17.50%,46.6,52,173,"3,327","3,034",91%,56%,44%,,28,0,66,121,93,335,360,622,272,"1,430","1,796",549,445,96,196,93,117,35,0,73.00%,17.10%,2.50%,6.90%,0.00%,0.00%,0.00%,0.20%,0.40%,293,"1,085","1,163",493,"4,215",69.00%,15.40%,2.30%,2.50%,2.80%,7.90%,28.8
Riverton Boro,Burlington,2023,0.7,"1,499","2,771",79.30%,4.80%,10.40%,0.00%,1.80%,0.00%,1.00%,2.70%,"$126,818",2.80%,21.4,434,49,"1,049","1,014",97%,78%,22%,,0,7,29,9,44,26,11,163,65,695,721,122,41,95,63,0,7,0,0,83.00%,4.00%,0.70%,11.50%,0.00%,0.00%,0.00%,0.00%,0.70%,16,258,465,275,"1,468",75.70%,3.90%,2.80%,0.30%,0.60%,16.60%,27.9
Robbinsville Twp,Mercer,2023,20.4,298,"15,432",56.60%,2.40%,6.10%,0.00%,30.30%,0.00%,0.10%,4.50%,"$162,813",3.40%,17.9,520,188,"6,084","5,904",97%,82%,19%,,0,334,"1,260","1,738","1,592",420,379,99,109,153,"2,806","1,870",73,210,310,116,557,142,0,79.60%,11.90%,1.30%,6.70%,0.00%,0.50%,0.00%,0.00%,0.00%,295,"1,751","2,632","1,226","7,981",61.50%,4.40%,4.80%,1.20%,0.80%,27.20%,34.5
Rochelle Park Twp,Bergen,2023,1,"2,377","5,820",54.30%,3.90%,25.80%,0.30%,10.40%,0.00%,0.10%,5.20%,"$118,259",5.50%,30.7,225,146,"2,377","2,309",97%,80%,20%,,25,85,88,68,42,19,456,762,319,513,"1,854",18,164,20,0,100,221,0,0,85.60%,6.60%,3.60%,1.90%,0.00%,0.00%,0.00%,2.30%,0.00%,112,865,730,602,"3,059",78.00%,4.20%,6.10%,0.00%,0.80%,10.80%,26.1
Rockaway Boro,Morris,2023,2.1,"1,301","6,589",67.50%,0.70%,19.90%,0.00%,7.80%,0.00%,0.00%,4.10%,"$100,028",6.30%,31.5,216,201,"2,732","2,660",97%,58%,42%,,0,97,35,123,227,501,394,490,165,700,"1,404",129,106,123,290,263,354,63,0,66.60%,22.40%,0.00%,10.90%,0.00%,0.00%,0.00%,0.00%,0.00%,328,907,798,627,"3,669",74.40%,6.40%,1.10%,2.30%,0.00%,15.80%,26
Rockaway Twp,Morris,2023,41.7,239,"25,810",71.70%,1.70%,17.10%,0.00%,5.80%,0.00%,0.70%,3.10%,"$139,383",3.70%,21.7,423,200,"9,954","9,415",95%,82%,18%,,254,790,"1,015","1,254",965,"1,137","1,579","2,171",398,391,"6,915",726,72,248,421,322,"1,201",49,0,59.90%,10.00%,5.10%,23.60%,0.10%,0.70%,0.20%,0.30%,0.10%,265,"2,431","4,216","2,503","13,345",68.00%,4.30%,1.90%,1.40%,0.00%,24.40%,30
Rockleigh Boro,Bergen,2023,1,89,519,82.30%,2.50%,6.40%,0.20%,5.80%,0.00%,0.00%,2.90%,"$166,875",12.50%,26,342,15,89,83,93%,76%,24%,,5,8,0,18,6,5,6,5,3,33,79,2,1,0,2,0,5,0,0,89.20%,9.60%,1.20%,0.00%,0.00%,0.00%,0.00%,0.00%,0.00%,5,12,34,32,114,62.30%,4.40%,2.60%,0.90%,0.90%,28.90%,30.4
Rocky Hill Boro,Somerset,2023,0.6,532,814,80.70%,0.90%,8.50%,0.00%,4.10%,0.00%,1.20%,4.70%,"$127,344",4.30%,21.5,432,12,319,319,100%,76%,24%,,3,3,0,3,16,13,103,37,11,130,231,24,12,11,41,0,0,0,0,78.10%,11.90%,0.00%,10.00%,0.00%,0.00%,0.00%,0.00%,0.00%,0,132,129,58,429,62.90%,6.50%,1.20%,1.40%,0.70%,27.30%,25.4
Roosevelt Boro,Monmouth,2023,1.9,198,"1,059",61.30%,0.70%,34.40%,0.00%,1.30%,0.00%,0.00%,2.40%,"$112,614",0.80%,24.7,371,5,376,361,96%,83%,18%,,7,0,3,4,57,31,19,17,34,204,267,92,10,0,6,0,1,0,0,95.00%,3.60%,0.00%,1.10%,0.00%,0.30%,0.00%,0.00%,0.00%,11,95,179,76,463,77.50%,1.10%,1.30%,0.00%,0.40%,19.70%,39.1
Roseland Boro,Essex,2023,3.6,686,"6,211",71.90%,0.50%,7.20%,0.00%,12.30%,0.00%,0.20%,7.90%,"$160,644",2.30%,19.3,487,91,"2,470","2,445",99%,81%,19%,,0,34,505,207,404,267,385,282,62,324,"1,459",633,30,79,83,83,103,0,0,81.20%,15.50%,1.10%,1.80%,0.00%,0.00%,0.00%,0.40%,0.00%,64,647,"1,277",457,"3,245",69.60%,3.50%,7.60%,0.50%,0.00%,18.70%,31.7
Roselle Boro,Union,2023,2.6,"3,242","22,455",14.00%,44.70%,36.10%,0.00%,1.10%,0.00%,2.50%,1.70%,"$82,967",10.40%,40.7,103,306,"8,430","8,206",97%,52%,48%,,64,695,244,312,242,543,"1,304","1,757",795,"2,474","4,216",320,"1,422",523,490,479,965,15,0,77.70%,10.70%,4.20%,4.20%,0.30%,0.00%,0.00%,1.20%,1.60%,925,"3,385","2,553","1,343","11,700",67.10%,6.10%,12.20%,1.50%,4.80%,8.30%,31.8
Roselle Park Boro,Union,2023,1.2,"4,478","13,965",37.00%,9.40%,36.40%,0.00%,13.30%,0.00%,1.80%,2.10%,"$104,418",5.10%,30.1,244,193,"5,373","5,236",97%,60%,40%,,46,53,0,163,199,512,893,984,969,"1,554","3,055",96,309,480,128,329,976,0,0,80.90%,9.10%,1.10%,8.30%,0.00%,0.00%,0.00%,0.60%,0.00%,156,"1,849","2,069","1,162","8,215",77.40%,5.10%,5.50%,0.80%,1.70%,9.60%,26.5
Roxbury Twp,Morris,2023,20.9,410,"23,111",71.00%,4.90%,13.70%,0.00%,5.00%,0.00%,0.10%,5.40%,"$130,235",5.40%,26.4,332,438,"8,575","8,232",96%,86%,14%,,30,148,669,996,"1,107","1,558","1,438","1,098",553,978,"6,983",336,156,160,435,269,224,0,12,56.90%,6.50%,4.20%,31.20%,0.00%,0.20%,0.10%,0.60%,0.30%,263,"1,656","3,652","2,661","12,085",73.50%,6.00%,3.30%,0.40%,1.30%,15.40%,34.3
Rumson Boro,Monmouth,2023,5.1,482,"7,265",93.20%,0.10%,3.80%,0.00%,0.60%,0.00%,0.40%,2.10%,"250,000+",3.20%,11.9,561,66,"2,459","2,352",96%,93%,7%,,49,221,383,65,211,207,249,377,130,567,"2,379",35,22,12,11,0,0,0,0,87.10%,9.40%,0.00%,3.50%,0.00%,0.00%,0.00%,0.00%,0.00%,31,426,"1,046",849,"3,279",46.60%,2.10%,15.80%,5.10%,2.10%,28.20%,43.5
Runnemede Boro,Camden,2023,2.1,"1,637","8,310",76.10%,5.50%,12.60%,0.00%,2.70%,0.00%,0.00%,3.10%,"$100,366",9.60%,37.4,125,166,"3,437","3,125",91%,71%,29%,,0,26,60,119,104,324,800,"1,097",345,562,"2,571",38,146,28,54,364,236,0,0,84.20%,8.00%,0.00%,4.80%,0.00%,0.20%,0.00%,0.50%,2.30%,236,911,"1,362",616,"4,271",76.10%,8.60%,1.50%,2.20%,1.50%,10.10%,26.1
Rutherford Boro,Bergen,2023,2.8,"2,558","18,748",57.50%,3.00%,21.70%,0.00%,14.30%,0.10%,0.30%,3.30%,"$136,069",4.80%,24.6,379,278,"7,163","6,955",97%,63%,37%,,37,210,174,236,293,372,384,"1,397","1,019","3,041","4,012",138,"1,164",269,335,395,745,105,0,77.90%,9.90%,3.60%,7.10%,0.00%,0.00%,0.00%,0.40%,1.10%,403,"2,810","2,592","1,150","10,182",55.20%,2.50%,17.90%,1.30%,2.90%,20.20%,34.6
Saddle Brook Twp,Bergen,2023,2.7,"2,021","14,349",60.80%,3.70%,23.90%,0.00%,7.80%,0.10%,0.00%,3.70%,"$125,935",5.40%,27.1,313,222,"5,457","5,358",98%,67%,34%,,74,478,334,161,362,523,610,"1,562",788,565,"3,409",178,681,352,0,143,694,0,0,76.60%,15.20%,3.10%,4.50%,0.00%,0.00%,0.00%,0.00%,0.60%,179,"1,708","2,373","1,098","7,958",71.40%,5.60%,6.60%,0.80%,1.20%,14.30%,23.2
Saddle River Boro,Bergen,2023,4.9,305,"3,358",73.10%,5.30%,6.60%,0.50%,11.70%,0.50%,0.00%,2.30%,"$236,985",4.80%,17.4,521,20,"1,495","1,372",92%,86%,14%,,0,104,127,179,528,164,41,247,0,105,"1,253",125,11,0,0,0,106,0,0,89.10%,9.30%,0.00%,1.70%,0.00%,0.00%,0.00%,0.00%,0.00%,113,183,620,456,"1,617",71.50%,1.70%,1.60%,0.60%,0.00%,24.60%,25.4
Salem City,Salem,2023,2.3,"1,256","5,315",30.20%,56.20%,8.80%,0.00%,0.50%,0.00%,0.00%,4.40%,"$40,650",31.20%,95.5,2,129,"2,889","2,216",77%,35%,65%,,6,79,52,68,134,184,276,311,484,"1,295",997,636,293,447,141,274,88,13,0,52.50%,22.00%,1.70%,23.10%,0.00%,0.20%,0.00%,0.00%,0.60%,628,918,451,219,"1,985",60.80%,20.10%,4.20%,0.80%,1.50%,12.70%,28
Sandyston Twp,Sussex,2023,41.3,22,"1,924",90.50%,0.00%,2.00%,0.00%,0.20%,0.00%,0.00%,7.30%,"$104,609",2.00%,24.2,383,51,907,801,88%,96%,4%,,0,17,113,51,78,99,66,214,90,179,848,34,0,9,0,0,0,16,0,2.10%,4.90%,11.60%,63.40%,1.00%,16.50%,0.00%,0.50%,0.00%,21,198,323,259,963,79.10%,8.20%,1.00%,0.00%,0.00%,11.60%,36.2
Sayreville Boro,Middlesex,2023,15.8,"1,103","45,237",45.60%,12.40%,21.20%,0.20%,16.80%,0.00%,0.80%,3.00%,"$98,629",6.00%,29.5,254,464,"17,435","16,853",97%,63%,37%,,49,857,"1,488","1,365","3,210","2,442","3,314","3,029",461,"1,220","8,987","2,418","1,135",879,"1,206","1,558","1,243",0,9,82.80%,10.90%,1.60%,3.20%,0.00%,0.00%,0.10%,0.60%,0.90%,961,"5,493","6,091","4,308","23,537",70.40%,10.10%,5.50%,0.60%,3.00%,10.40%,32
Scotch Plains Twp,Union,2023,9,"1,004","24,667",64.90%,5.80%,12.50%,0.00%,11.00%,0.00%,0.30%,5.60%,"$173,564",2.80%,17.9,519,245,"9,037","8,751",97%,81%,19%,,67,323,490,417,437,949,"1,503","3,011",668,"1,172","6,840",415,495,321,41,273,652,0,0,86.40%,7.60%,0.80%,3.80%,0.00%,0.00%,0.20%,0.00%,1.20%,179,"2,261","4,185","2,126","12,162",61.90%,4.40%,9.40%,0.10%,0.50%,23.60%,35.2
Sea Bright Boro,Monmouth,2023,0.7,"1,621","1,657",94.80%,0.00%,2.50%,0.00%,1.20%,0.00%,0.50%,1.00%,"$127,738",8.10%,24.7,373,66,"1,135",918,81%,73%,27%,,8,87,92,24,255,331,86,104,8,140,321,266,70,35,92,117,234,0,0,64.40%,34.70%,0.00%,0.90%,0.00%,0.00%,0.00%,0.00%,0.00%,42,461,307,108,903,59.90%,2.30%,14.40%,3.50%,4.50%,15.30%,37.6
Sea Girt Boro,Monmouth,2023,1.1,"1,080","1,978",97.90%,0.10%,2.00%,0.10%,0.00%,0.00%,0.00%,0.00%,"$206,000",2.90%,12,560,42,"1,188",810,68%,87%,13%,Yes,22,150,132,55,65,80,114,242,160,168,"1,138",3,21,8,0,0,18,0,0,93.70%,2.20%,0.00%,4.10%,0.00%,0.00%,0.00%,0.00%,0.00%,18,195,358,239,811,64.10%,2.60%,3.60%,0.70%,2.20%,26.80%,30.7
Sea Isle City,Cape May,2023,2.2,"3,054","2,079",96.70%,0.10%,1.90%,0.00%,0.00%,0.00%,0.00%,1.20%,"$98,860",4.70%,24.6,376,189,"6,719","1,125",17%,94%,6%,Yes,49,779,"1,801",855,"1,705",771,264,171,100,224,954,"3,929",800,133,321,213,369,0,0,76.70%,21.70%,0.30%,0.60%,0.00%,0.00%,0.00%,0.00%,0.70%,56,496,394,179,746,74.00%,2.90%,1.30%,3.40%,0.70%,17.70%,30.4
Seaside Heights Boro,Ocean,2023,0.6,"4,678","1,992",78.30%,0.00%,16.50%,0.00%,1.30%,0.00%,3.50%,0.40%,"$58,988",34.40%,89.2,4,149,"2,807","1,075",38%,40%,60%,Yes,0,194,147,39,350,278,196,465,693,445,"1,127",22,440,522,304,190,202,0,0,72.60%,16.40%,3.40%,7.60%,0.00%,0.00%,0.00%,0.00%,0.00%,268,404,344,59,826,70.70%,2.80%,4.00%,9.20%,5.70%,7.60%,31.5
Seaside Park Boro,Ocean,2023,0.7,"3,900","1,804",91.20%,2.40%,1.40%,0.00%,3.60%,0.00%,0.00%,1.30%,"$83,333",13.00%,31.5,215,47,"2,730",938,34%,74%,27%,Yes,59,214,134,64,470,157,213,369,275,775,"1,648",90,387,261,181,78,72,13,0,82.40%,11.90%,3.10%,0.50%,0.40%,0.00%,0.40%,1.20%,0.00%,15,365,368,190,711,80.90%,1.10%,3.00%,1.80%,0.70%,12.50%,29.5
Secaucus Town,Hudson,2023,5.8,"1,571","21,437",35.80%,5.20%,19.40%,0.10%,34.50%,0.00%,0.60%,4.50%,"$134,746",6.00%,25.3,352,418,"9,109","8,525",94%,49%,51%,,12,"1,799","1,015",572,"1,133","1,222",903,"1,047",200,"1,206","2,378",979,"1,318",637,86,431,"3,242",21,17,68.50%,25.80%,2.50%,1.80%,0.00%,0.00%,0.30%,0.00%,1.00%,898,"3,839","2,982",806,"11,005",49.80%,7.20%,17.00%,2.40%,0.60%,23.00%,32.1
Shamong Twp,Burlington,2023,44.5,52,"6,479",91.90%,0.70%,2.00%,0.00%,4.20%,0.00%,0.00%,1.20%,"$124,836",1.60%,23.3,397,54,"2,296","2,296",100%,96%,4%,,21,17,171,323,528,966,86,34,0,150,"2,099",0,0,0,0,0,14,183,0,69.00%,6.50%,5.10%,18.90%,0.00%,0.60%,0.00%,0.00%,0.00%,16,232,"1,080",968,"3,261",77.00%,5.90%,0.00%,0.00%,0.00%,17.10%,34.9
Shiloh Boro,Cumberland,2023,1.2,105,283,67.10%,1.10%,21.60%,0.00%,5.70%,0.00%,0.00%,4.60%,"$86,250",3.50%,40.4,106,13,126,113,90%,92%,8%,,0,0,4,4,2,11,30,18,4,53,116,0,3,0,0,0,7,0,0,45.10%,8.00%,0.00%,45.10%,0.00%,1.80%,0.00%,0.00%,0.00%,4,39,38,32,133,82.00%,15.00%,0.00%,0.00%,2.30%,0.80%,27.4
Ship Bottom Boro,Ocean,2023,0.7,"3,020","1,009",93.30%,0.00%,3.50%,0.00%,1.80%,0.00%,0.20%,1.30%,"$111,250",3.50%,20.9,457,139,"2,114",504,24%,91%,9%,Yes,17,192,287,123,238,173,338,287,195,264,"1,762",29,135,97,30,9,52,0,0,84.70%,14.70%,0.60%,0.00%,0.00%,0.00%,0.00%,0.00%,0.00%,8,193,213,90,420,69.00%,5.70%,5.00%,1.90%,2.10%,16.20%,31.1
Shrewsbury Boro,Monmouth,2023,2.2,694,"4,162",85.30%,4.30%,1.80%,0.20%,3.80%,0.00%,1.20%,3.40%,"$144,500",3.60%,18,517,171,"1,526","1,492",98%,84%,16%,,0,280,55,148,125,48,93,476,95,206,"1,305",88,0,0,0,0,133,0,0,88.90%,3.00%,1.30%,6.70%,0.00%,0.00%,0.00%,0.00%,0.00%,127,292,663,410,"1,734",68.10%,0.50%,7.60%,1.40%,0.00%,22.40%,31.3
Shrewsbury Twp,Monmouth,2023,0.1,"5,250","1,207",47.10%,9.50%,15.70%,0.00%,8.50%,0.00%,0.30%,19.00%,"$80,833",12.30%,34.1,174,0,525,494,94%,69%,31%,,0,4,0,0,72,37,112,57,180,63,29,338,36,31,65,9,9,4,4,81.60%,13.60%,2.40%,1.60%,0.00%,0.00%,0.00%,0.00%,0.80%,43,203,169,79,829,75.60%,8.90%,1.10%,3.00%,2.70%,8.70%,19.5
Somerdale Boro,Camden,2023,1.4,"1,624","5,535",54.20%,27.30%,9.30%,0.00%,2.90%,0.00%,0.00%,6.30%,"$79,101",15.50%,37.8,123,147,"2,273","2,252",99%,78%,22%,,0,132,61,144,237,363,406,660,148,122,"1,663",180,55,42,44,115,174,0,0,80.90%,13.60%,1.10%,3.00%,0.00%,0.00%,0.20%,1.00%,0.30%,150,827,822,453,"2,765",76.00%,7.50%,3.50%,1.10%,0.00%,11.80%,23.5
Somers Point City,Atlantic,2023,4,"1,433","10,461",69.80%,9.10%,15.70%,0.10%,4.40%,0.00%,0.00%,0.90%,"$68,542",11.20%,44.3,67,272,"5,730","4,720",82%,51%,49%,,42,10,419,337,713,"1,289","1,340",839,260,481,"2,940",325,311,279,421,896,553,5,0,81.50%,10.70%,2.90%,0.70%,0.00%,0.30%,0.20%,1.10%,2.60%,595,"1,850","1,611",664,"5,173",77.30%,4.50%,1.20%,6.20%,1.90%,8.90%,23.1
Somerville Boro,Somerset,2023,2.3,"2,490","12,958",52.20%,10.50%,22.50%,0.10%,11.00%,0.00%,0.40%,3.30%,"$103,869",6.20%,33.4,184,393,"5,726","5,604",98%,45%,56%,,189,385,74,96,350,539,"1,020","1,117",518,"1,438","2,423",141,679,447,376,249,"1,411",0,0,66.00%,24.70%,1.90%,5.20%,0.00%,0.00%,0.10%,0.40%,1.70%,516,"2,400","1,950",738,"7,609",64.30%,7.90%,2.90%,5.90%,3.10%,15.90%,25.7
South Amboy City,Middlesex,2023,1.5,"2,907","9,714",62.00%,8.70%,20.50%,0.00%,4.40%,0.00%,2.20%,2.20%,"$110,125",7.50%,32.3,206,150,"4,361","4,140",95%,55%,45%,,0,476,714,226,190,184,335,274,274,"1,688","1,965",644,610,356,352,0,420,14,0,84.40%,8.60%,3.40%,2.50%,0.00%,0.30%,0.00%,0.70%,0.00%,416,"1,457","1,634",633,"5,390",68.20%,11.40%,8.80%,0.50%,0.70%,10.30%,33.2
South Bound Brook Boro,Somerset,2023,0.6,"3,117","4,833",41.60%,13.70%,38.10%,0.00%,3.00%,0.00%,0.60%,3.10%,"$102,019",16.40%,36.2,139,40,"1,870","1,829",98%,57%,43%,,14,52,128,0,286,330,310,257,233,260,"1,146",130,242,139,120,45,48,0,0,76.50%,16.50%,5.20%,1.40%,0.00%,0.00%,0.00%,0.40%,0.00%,146,484,777,422,"2,520",74.10%,11.20%,1.80%,0.00%,3.90%,9.00%,26.3
South Brunswick Twp,Middlesex,2023,40.6,422,"46,686",34.90%,5.40%,7.20%,0.00%,48.30%,0.10%,0.90%,3.30%,"$145,575",4.00%,22.3,414,583,"17,134","16,844",98%,76%,24%,,69,"1,466","1,439","4,101","4,377","2,216","1,568","1,149",317,432,"9,581","3,297",419,275,895,"1,385",764,518,0,86.20%,10.20%,1.60%,1.40%,0.00%,0.20%,0.10%,0.00%,0.40%,681,"4,871","7,588","3,704","24,996",61.40%,5.10%,5.30%,0.50%,1.40%,26.20%,34.7
South Hackensack Twp,Bergen,2023,0.7,"1,386","2,771",37.50%,2.40%,52.50%,0.00%,5.90%,0.00%,0.00%,1.70%,"$82,750",15.30%,35.5,151,220,970,932,96%,51%,49%,,0,43,89,74,63,127,232,161,69,112,489,95,334,0,0,14,38,0,0,82.60%,10.70%,0.50%,4.80%,0.00%,0.00%,0.00%,0.60%,0.60%,76,330,345,181,"1,468",74.90%,9.10%,5.40%,2.40%,2.00%,6.20%,22.1
South Harrison Twp,Gloucester,2023,15.9,71,"3,411",87.60%,1.20%,5.50%,0.00%,0.70%,0.00%,0.00%,5.00%,"$131,103",9.00%,25,363,28,"1,133","1,115",98%,95%,5%,,5,105,264,145,184,140,125,62,0,103,"1,080",12,0,0,0,0,0,41,0,61.30%,7.10%,11.00%,17.00%,0.00%,2.60%,0.90%,0.00%,0.00%,0,176,509,430,"1,397",65.30%,5.40%,1.10%,0.50%,1.00%,26.70%,31.3
South Orange Village Twp,Essex,2023,2.8,"2,182","18,299",58.30%,21.20%,8.40%,0.00%,5.90%,0.00%,0.90%,5.30%,"$187,583",6.40%,19.4,485,167,"6,110","5,932",97%,66%,34%,,0,476,309,170,404,197,450,740,507,"2,857","3,471",336,285,112,58,399,"1,434",15,0,76.80%,13.30%,2.80%,6.30%,0.20%,0.00%,0.00%,0.70%,0.00%,723,"2,294","2,256",659,"9,015",36.60%,3.00%,24.90%,5.00%,2.30%,28.20%,38
South Plainfield Boro,Middlesex,2023,8.3,"1,017","24,231",50.60%,10.70%,18.60%,0.10%,16.00%,0.00%,0.90%,3.10%,"$126,063",3.60%,25.5,350,552,"8,443","8,280",98%,85%,15%,,38,491,786,375,541,943,"1,332","2,522",804,611,"6,645",390,445,74,101,339,448,1,0,84.10%,8.90%,1.80%,3.10%,0.00%,0.20%,0.10%,0.30%,1.50%,223,"1,708","3,892","2,457","12,402",75.60%,8.00%,2.10%,1.30%,0.80%,12.30%,28
South River Boro,Middlesex,2023,2.8,"2,068","16,007",53.40%,10.40%,26.70%,0.00%,4.10%,0.20%,2.30%,2.90%,"$101,853",11.30%,41.3,94,209,"5,789","5,570",96%,66%,34%,,0,162,296,324,322,508,959,"1,323",521,"1,374","4,369",84,409,178,139,368,242,0,0,85.70%,9.20%,1.50%,2.10%,0.00%,0.00%,0.00%,0.40%,1.00%,272,"2,107","2,017","1,174","7,807",72.40%,10.90%,1.90%,1.90%,6.30%,6.60%,32.9
South Toms River Boro,Ocean,2023,1.2,927,"3,701",40.90%,10.40%,41.20%,0.00%,1.50%,0.00%,0.00%,5.90%,"$101,466",5.30%,39.5,114,59,"1,112","1,066",96%,82%,18%,,0,13,103,0,57,119,588,169,22,41,"1,112",0,0,0,0,0,0,0,0,90.40%,3.80%,1.20%,3.00%,0.00%,1.20%,0.30%,0.00%,0.00%,44,189,449,384,"1,838",76.80%,11.00%,0.00%,0.20%,7.70%,4.20%,27.6
Southampton Twp,Burlington,2023,44,109,"10,320",87.30%,1.20%,6.40%,0.00%,1.10%,0.00%,0.70%,3.30%,"$88,793",5.90%,30.4,237,188,"4,781","4,499",94%,95%,6%,,0,40,403,405,843,"1,549",652,333,73,483,"4,481",147,0,45,0,0,13,95,0,22.90%,38.10%,7.80%,26.70%,0.00%,2.40%,0.60%,1.20%,0.10%,201,"1,653","1,652",993,"4,277",79.80%,3.90%,1.90%,0.70%,0.00%,13.60%,34.2
Sparta Twp,Sussex,2023,36.8,212,"19,903",82.80%,0.80%,8.60%,0.00%,3.80%,0.00%,0.70%,3.30%,"$167,371",3.10%,20.2,474,374,"7,789","7,355",94%,90%,10%,,51,133,968,985,"1,010",999,816,"1,012",525,"1,290","6,739",587,12,171,0,35,151,94,0,25.70%,7.90%,14.60%,48.80%,0.10%,1.10%,0.00%,1.50%,0.30%,284,"1,536","3,603","1,932","10,341",70.70%,5.50%,1.70%,2.10%,0.40%,19.50%,37.9
Spotswood Boro,Middlesex,2023,2.3,"1,433","8,112",75.90%,1.40%,12.30%,0.30%,7.60%,0.00%,0.40%,2.10%,"$101,388",3.40%,29.3,260,62,"3,297","3,255",99%,84%,16%,,0,78,176,287,533,398,656,743,294,132,"2,203",188,0,43,17,102,289,455,0,76.90%,7.30%,7.30%,5.60%,0.00%,0.00%,0.00%,3.00%,0.00%,290,879,"1,282",804,"3,800",76.10%,6.40%,2.50%,1.40%,0.50%,13.10%,30.7
Spring Lake Boro,Monmouth,2023,1.3,"1,532","2,782",95.40%,0.10%,1.30%,0.00%,0.00%,0.00%,0.00%,3.20%,"$146,976",3.10%,18.8,502,94,"1,991","1,301",65%,88%,12%,Yes,49,305,335,34,105,78,38,219,153,675,"1,746",86,24,20,0,0,115,0,0,87.10%,10.20%,0.00%,1.40%,0.00%,0.00%,0.00%,1.30%,0.00%,33,351,676,241,979,63.80%,0.00%,5.40%,3.90%,0.00%,26.90%,34.9
Spring Lake Heights Boro,Monmouth,2023,1.3,"2,110","4,866",91.10%,0.00%,5.80%,0.00%,1.60%,0.00%,0.00%,1.60%,"$102,829",4.20%,22.4,412,76,"2,743","2,358",86%,60%,40%,,11,38,176,140,512,693,660,346,25,142,"1,214",588,85,216,104,336,200,0,0,65.40%,27.10%,0.90%,5.90%,0.00%,0.00%,0.00%,0.60%,0.00%,132,"1,262",581,383,"2,798",68.90%,2.80%,5.20%,1.50%,3.00%,18.60%,27.7
Springfield Twp (Burlington),Burlington,2023,29.5,43,"3,239",86.90%,2.40%,7.10%,0.00%,1.40%,0.00%,0.50%,1.70%,"$143,343",6.80%,23.9,388,75,"1,260","1,194",95%,95%,5%,,20,131,134,193,191,177,132,84,56,142,"1,224",24,6,0,0,6,0,0,0,26.00%,4.90%,19.80%,45.10%,0.00%,3.40%,0.00%,0.80%,0.00%,21,127,556,490,"1,814",80.50%,5.10%,0.90%,1.30%,0.00%,12.30%,30
Springfield Twp (Union),Union,2023,5.2,"1,316","16,984",57.40%,11.20%,18.80%,0.00%,10.40%,0.00%,0.80%,1.30%,"$146,059",5.50%,23.6,392,308,"6,844","6,615",97%,62%,38%,,10,290,572,529,585,465,"1,241","2,062",479,611,"3,887",482,221,504,377,368,"1,005",0,0,84.10%,12.40%,0.80%,1.70%,0.00%,0.00%,0.40%,0.30%,0.30%,281,"2,426","2,692","1,216","10,135",62.80%,6.40%,6.30%,1.30%,2.90%,20.40%,28.5
Stafford Twp,Ocean,2023,46.1,325,"29,375",87.60%,0.60%,8.50%,0.00%,0.60%,0.00%,0.50%,2.30%,"$115,544",3.30%,26.6,324,442,"14,988","11,837",79%,89%,11%,,61,"1,856","2,724","3,118","1,978","3,135","1,206",368,167,375,"13,220",499,179,103,79,332,238,338,0,80.70%,13.50%,0.70%,1.70%,0.00%,1.70%,0.60%,0.10%,0.90%,509,"3,755","4,411","3,162","15,276",76.00%,9.00%,0.50%,1.60%,0.70%,12.20%,31
Stanhope Boro,Sussex,2023,1.8,755,"3,551",79.90%,3.10%,11.80%,0.00%,0.40%,0.00%,0.00%,4.90%,"$134,583",2.50%,23.8,390,63,"1,359","1,320",97%,85%,15%,,0,27,72,89,118,343,209,151,121,229,917,179,54,92,40,77,0,0,0,3.20%,11.40%,3.10%,82.30%,0.00%,0.00%,0.00%,0.00%,0.00%,0,435,529,356,"2,015",75.20%,7.90%,1.80%,0.30%,1.70%,12.90%,36.2
Stillwater Twp,Sussex,2023,26.9,69,"4,030",89.40%,0.00%,4.80%,0.10%,3.60%,0.00%,2.00%,0.20%,"$109,777",5.50%,25.7,348,48,"1,858","1,583",85%,91%,9%,,0,45,80,108,230,141,397,213,172,472,"1,646",69,34,0,0,0,40,69,0,3.50%,14.10%,16.40%,56.50%,0.00%,8.00%,0.00%,1.50%,0.00%,12,408,675,488,"1,954",88.10%,4.80%,0.70%,0.00%,0.50%,5.90%,35.6
Stockton Boro,Hunterdon,2023,0.5,470,421,95.50%,0.00%,3.60%,0.00%,0.20%,0.00%,0.00%,0.70%,"$105,263",8.10%,27.9,291,22,235,220,94%,69%,31%,,0,0,7,4,21,22,49,26,17,89,168,14,15,6,21,0,11,0,0,65.00%,22.70%,1.80%,5.50%,0.00%,0.90%,3.20%,0.90%,0.00%,3,61,124,32,228,79.40%,3.10%,0.90%,0.00%,0.90%,15.80%,31.3
Stone Harbor Boro,Cape May,2023,1.4,"2,268",853,97.40%,0.10%,0.70%,0.00%,0.70%,0.00%,0.00%,1.10%,"$128,235",5.00%,16.4,532,195,"3,175",478,15%,85%,16%,Yes,20,401,444,186,427,304,348,516,105,424,"2,241",546,205,46,17,29,90,1,0,64.90%,26.60%,4.60%,0.40%,0.00%,0.00%,0.00%,0.00%,3.60%,27,212,156,83,329,58.70%,6.10%,1.80%,5.20%,4.60%,23.70%,22.8
Stow Creek Twp,Cumberland,2023,18.3,33,"1,332",81.80%,4.60%,9.90%,1.00%,0.00%,0.00%,0.60%,2.10%,"$93,036",7.80%,34.3,170,16,605,513,85%,92%,8%,,0,11,66,97,67,116,73,53,10,112,553,18,4,0,0,0,0,30,0,5.80%,8.80%,13.10%,63.90%,2.30%,4.30%,1.00%,0.00%,0.80%,12,120,179,202,578,84.80%,0.90%,0.00%,3.10%,0.70%,10.60%,30.1
Stratford Boro,Camden,2023,1.6,"1,609","6,965",71.10%,7.80%,13.10%,0.00%,3.20%,0.00%,1.60%,3.20%,"$100,735",10.20%,35.2,156,114,"2,574","2,544",99%,73%,27%,,0,32,6,52,159,142,882,850,230,221,"1,806",81,40,22,69,185,371,0,0,75.90%,14.00%,2.60%,4.80%,0.00%,0.00%,1.30%,0.40%,1.10%,193,805,"1,001",545,"3,625",73.60%,7.10%,5.70%,0.30%,2.00%,11.40%,30.6
Summit City,Union,2023,6,"1,434","22,512",66.80%,7.30%,12.00%,0.00%,8.00%,0.10%,1.20%,4.70%,"$199,107",3.90%,20.3,469,357,"8,603","8,130",95%,72%,28%,,16,164,382,126,431,482,900,"2,563",667,"2,872","5,738",630,507,410,275,238,790,15,0,83.70%,6.20%,1.90%,6.30%,0.20%,0.00%,0.40%,0.30%,1.00%,471,"2,382","3,542","1,735","11,214",47.10%,3.80%,18.50%,5.60%,5.00%,20.00%,34.8
Surf City Boro,Ocean,2023,0.7,"3,650","1,225",97.60%,0.00%,0.90%,0.00%,1.60%,0.00%,0.00%,0.00%,"$118,333",5.00%,21.1,446,82,"2,555",638,25%,92%,8%,Yes,6,247,426,128,190,237,503,468,202,148,"2,298",49,183,21,0,0,4,0,0,77.30%,20.20%,1.40%,0.00%,0.00%,0.00%,0.00%,0.00%,1.10%,27,235,269,107,439,59.50%,1.10%,1.10%,1.80%,1.60%,34.90%,38.4
Sussex Boro,Sussex,2023,0.6,"1,705","2,004",79.70%,0.80%,12.20%,0.00%,1.70%,0.00%,0.00%,5.60%,"$72,601",10.60%,43.1,79,69,"1,023",979,96%,37%,63%,,0,6,21,21,106,186,122,80,56,425,392,56,145,123,73,137,97,0,0,35.10%,23.70%,8.20%,32.40%,0.00%,0.00%,0.00%,0.60%,0.00%,75,481,321,102,"1,101",85.80%,7.00%,1.20%,1.70%,0.00%,4.30%,46.5
Swedesboro Boro,Gloucester,2023,0.7,"1,406","2,720",54.70%,15.30%,27.20%,0.00%,0.90%,0.00%,0.00%,1.90%,"$91,000",6.80%,41.2,96,96,984,910,92%,63%,37%,,19,27,154,71,123,10,139,10,35,396,514,242,78,80,56,6,8,0,0,58.60%,21.50%,3.10%,16.30%,0.00%,0.00%,0.00%,0.00%,0.50%,49,350,288,223,"1,429",76.10%,10.70%,0.00%,1.50%,5.90%,5.90%,24.7
Tabernacle Twp,Burlington,2023,49.2,58,"6,820",94.20%,1.00%,3.20%,0.00%,0.70%,0.00%,0.00%,0.80%,"$110,404",3.70%,25.9,344,65,"2,839","2,751",97%,95%,5%,,40,0,95,295,595,"1,119",141,103,257,194,"2,759",12,0,29,0,0,0,39,0,53.60%,12.10%,2.70%,29.80%,0.00%,0.50%,0.00%,1.30%,0.00%,20,336,"1,294","1,101","3,425",82.60%,4.60%,0.00%,0.10%,1.10%,11.60%,34.7
Tavistock Boro,Camden,2023,0.3,17,12,100.00%,0.00%,0.00%,0.00%,0.00%,0.00%,0.00%,0.00%,-,0.00%,0,564,2,5,5,100%,80%,20%,,0,0,0,0,0,1,0,0,4,0,4,0,0,0,1,0,0,0,0,80.00%,0.00%,0.00%,0.00%,0.00%,0.00%,0.00%,20.00%,0.00%,0,0,5,0,10,20.00%,80.00%,0.00%,0.00%,0.00%,0.00%,N
Teaneck Twp,Bergen,2023,6,"2,309","41,499",39.30%,20.90%,25.70%,0.10%,8.50%,0.00%,2.10%,3.50%,"$134,311",5.50%,26.4,329,393,"13,851","13,406",97%,77%,23%,,0,365,294,364,671,267,"1,141","3,741","2,190","4,818","10,219",430,683,277,862,332,981,67,0,77.30%,11.10%,3.30%,6.70%,0.00%,0.10%,0.40%,0.30%,0.90%,"1,079","4,714","5,517","2,096","20,326",46.60%,8.90%,18.00%,2.40%,3.00%,21.10%,34.1
Tenafly Boro,Bergen,2023,4.6,"1,177","15,252",58.30%,1.20%,7.50%,0.00%,31.10%,0.00%,0.40%,1.50%,"$208,088",3.70%,15,546,190,"5,415","5,222",96%,72%,28%,,48,537,352,293,351,287,511,"1,230",433,"1,373","4,110",331,298,122,138,86,268,62,0,86.90%,7.30%,3.20%,1.90%,0.80%,0.00%,0.00%,0.00%,0.00%,54,"1,717","2,650",801,"6,956",56.80%,5.90%,13.00%,0.10%,0.50%,23.70%,41.6
Teterboro Boro,Bergen,2023,1.1,32,120,31.70%,0.80%,66.70%,0.00%,0.80%,0.00%,0.00%,0.00%,-,59.00%,78.5,6,62,35,35,100%,0%,100%,,0,0,6,13,0,4,0,12,0,0,12,4,0,8,11,0,0,0,0,80.00%,20.00%,0.00%,0.00%,0.00%,0.00%,0.00%,0.00%,0.00%,10,6,13,6,41,46.30%,34.10%,12.20%,0.00%,0.00%,7.30%,32.9
Tewksbury Twp,Hunterdon,2023,31.6,75,"5,883",81.90%,6.80%,6.40%,0.00%,2.80%,0.30%,0.80%,1.00%,"$188,500",2.00%,17.3,522,46,"2,370","2,278",96%,96%,4%,,0,57,368,249,407,427,417,117,128,200,"2,060",205,63,0,0,25,17,0,0,44.50%,13.00%,7.70%,32.50%,0.00%,1.40%,0.00%,0.80%,0.00%,114,427,867,870,"2,841",68.40%,3.90%,5.20%,0.00%,0.00%,22.50%,39.6
Tinton Falls Boro,Monmouth,2023,15.5,587,"19,252",74.50%,5.90%,9.30%,0.00%,5.50%,0.00%,0.20%,4.60%,"$113,844",8.60%,27.8,292,197,"9,095","8,762",96%,81%,19%,,95,719,"1,268","2,946","1,952",404,395,748,321,247,"4,121","2,059",17,259,419,318,"1,902",0,0,78.90%,17.30%,1.10%,2.10%,0.00%,0.00%,0.60%,0.00%,0.00%,"1,223","2,715","3,083","1,741","9,482",69.70%,6.00%,5.80%,1.20%,0.90%,16.50%,32.1
Toms River Twp,Ocean,2023,40.5,"1,132","97,034",76.50%,4.90%,11.60%,0.00%,3.70%,0.00%,0.30%,2.90%,"$94,964",6.20%,30.5,232,"1,586","45,845","37,215",81%,82%,18%,,217,"4,069","4,359","6,030","6,345","8,342","8,630","5,015","1,594","1,244","36,141","2,070",805,610,"1,524","1,376","1,912","1,407",0,84.60%,9.30%,1.50%,3.70%,0.00%,0.10%,0.20%,0.20%,0.50%,"2,034","12,058","14,586","8,537","46,056",76.40%,8.00%,0.50%,0.40%,1.90%,12.90%,30.5
Totowa Boro,Passaic,2023,4,"1,001","10,919",63.10%,6.90%,23.60%,0.00%,4.30%,0.00%,0.00%,2.20%,"$114,177",3.80%,31.8,212,311,"4,002","3,892",97%,76%,24%,,62,147,290,123,362,274,462,"1,124",382,776,"2,836",365,617,25,28,10,121,0,0,90.60%,4.50%,2.30%,1.80%,0.00%,0.00%,0.30%,0.50%,0.00%,147,"1,297","1,465",983,"5,380",72.90%,9.70%,2.30%,0.30%,0.00%,14.70%,27.3
Trenton City,Mercer,2023,7.6,"4,720","89,966",11.50%,41.10%,44.30%,0.00%,0.50%,0.00%,0.20%,2.40%,"$47,102",24.70%,72.7,8,"2,006","35,871","32,104",89%,36%,64%,,154,"1,313","1,462","1,395","1,739","2,884","3,474","5,474","3,330","14,646","5,506","15,638","3,308","2,288","1,686","1,484","5,930",31,0,66.50%,24.00%,2.20%,6.40%,0.00%,0.00%,0.10%,0.20%,0.80%,"9,325","12,565","7,451","2,763","34,972",57.30%,18.70%,7.30%,4.40%,6.20%,6.10%,26.7
Tuckerton Boro,Ocean,2023,3.4,550,"3,616",83.70%,3.40%,5.70%,0.00%,1.30%,0.00%,0.90%,5.00%,"$78,934",6.90%,30.1,243,101,"1,870","1,691",90%,68%,32%,,29,118,286,196,209,244,178,296,52,262,"1,185",233,17,97,0,0,180,158,0,75.70%,18.70%,1.10%,3.10%,0.00%,0.70%,0.80%,0.00%,0.00%,154,584,656,297,"1,632",75.10%,7.00%,0.10%,1.70%,0.00%,16.10%,33.6
Union Beach Boro,Monmouth,2023,1.8,"1,252","5,722",78.70%,1.80%,16.20%,0.00%,1.80%,0.00%,0.70%,0.80%,"$128,400",1.70%,28.8,270,54,"2,253","2,068",92%,88%,12%,,77,211,210,82,193,234,202,735,95,214,"2,151",62,40,0,0,0,0,0,0,89.10%,4.20%,1.80%,1.10%,0.00%,1.10%,2.60%,0.00%,0.00%,0,454,894,720,"3,603",77.50%,10.30%,6.00%,0.00%,1.30%,4.90%,31.5
Union City,Hudson,2023,1.3,"21,109","66,375",9.90%,3.10%,81.60%,0.00%,3.70%,0.10%,0.50%,1.20%,"$65,369",21.30%,56.8,20,"1,429","27,442","25,782",94%,20%,80%,,30,"1,026","1,888","2,138","2,559","2,694","2,929","2,588","2,487","9,103","1,292",612,"4,616","5,495","4,865","4,088","6,461",7,6,70.10%,19.80%,4.00%,2.70%,0.00%,0.00%,0.00%,1.10%,2.30%,"10,430","11,408","2,993",951,"32,460",32.10%,10.00%,35.40%,11.40%,4.00%,7.10%,32.9
Union Twp (Hunterdon),Hunterdon,2023,18.8,122,"6,402",81.30%,4.10%,5.10%,0.10%,7.20%,0.00%,0.80%,1.60%,"$124,922",5.60%,26.4,333,74,"2,299","2,164",94%,90%,11%,,0,5,269,439,352,564,167,134,61,308,"1,619",354,23,16,61,133,93,0,0,32.70%,22.00%,8.50%,32.70%,0.00%,3.70%,0.40%,0.00%,0.00%,99,494,927,644,"2,742",66.90%,4.60%,1.60%,0.70%,2.00%,24.30%,35.6
Union Twp (Union),Union,2023,9.1,"2,410","60,119",28.20%,37.20%,18.10%,0.00%,10.10%,0.00%,2.50%,3.90%,"$115,938",6.30%,30.8,223,899,"21,932","21,056",96%,73%,27%,,126,797,"1,078",818,"1,514","1,324","2,535","6,110","3,038","4,592","13,795","1,181","3,001","1,244",459,410,"1,813",29,0,81.90%,11.00%,2.20%,3.50%,0.00%,0.00%,0.90%,0.00%,0.40%,"1,212","6,811","8,100","4,933","32,688",69.30%,8.10%,7.50%,1.40%,3.20%,10.50%,30.6
Upper Deerfield Twp,Cumberland,2023,31.2,101,"7,726",56.00%,17.90%,14.10%,2.40%,6.10%,0.00%,1.50%,2.20%,"$76,040",19.70%,44.9,59,137,"3,156","2,904",92%,72%,28%,,26,50,548,518,363,573,305,422,152,199,"2,604",187,84,37,35,0,145,64,0,62.20%,6.20%,2.30%,26.60%,0.00%,1.40%,0.00%,1.40%,0.00%,381,888,873,762,"3,634",82.10%,8.30%,2.70%,2.20%,0.40%,4.30%,24.9
Upper Freehold Twp,Monmouth,2023,46.5,59,"7,237",80.50%,0.40%,8.40%,0.00%,9.20%,0.00%,0.00%,1.60%,"$169,597",3.10%,18.6,508,76,"2,728","2,500",92%,97%,3%,,27,409,925,414,379,120,36,76,24,318,"2,596",52,47,0,0,0,33,0,0,70.00%,2.70%,6.20%,19.70%,0.00%,0.60%,0.00%,0.00%,0.80%,21,495,"1,043",941,"3,184",61.60%,12.40%,1.20%,0.80%,1.20%,22.80%,33.9
Upper Pittsgrove Twp,Salem,2023,40.2,32,"3,440",83.80%,1.20%,8.40%,0.00%,1.30%,0.00%,0.00%,5.30%,"$84,405",8.20%,34.1,173,74,"1,267","1,194",94%,87%,13%,,0,20,48,172,231,232,148,141,16,259,"1,178",0,0,0,0,0,0,89,0,28.30%,4.60%,13.90%,44.20%,0.00%,3.00%,3.00%,2.90%,0.00%,28,148,575,443,"1,601",85.30%,3.90%,0.10%,3.90%,0.00%,6.90%,24.4
Upper Saddle River Boro,Bergen,2023,5.3,512,"8,354",72.40%,1.50%,5.30%,0.00%,16.80%,0.00%,0.40%,3.60%,"$246,719",4.40%,14.2,550,71,"2,715","2,623",97%,90%,10%,,102,108,359,208,164,352,752,455,25,190,"2,414",191,0,29,18,49,14,0,0,91.00%,2.70%,1.80%,4.40%,0.00%,0.00%,0.00%,0.00%,0.00%,68,322,"1,136","1,097","3,822",51.80%,5.70%,8.70%,0.90%,1.40%,31.60%,34.9
Upper Twp,Cape May,2023,62,105,"12,559",92.60%,0.30%,2.50%,0.00%,0.80%,0.00%,0.00%,3.80%,"$109,592",2.30%,23.9,387,328,"6,529","5,195",80%,94%,6%,,43,223,606,945,"1,866","1,339",534,207,95,671,"5,213",206,182,37,0,0,0,891,0,72.00%,12.40%,4.30%,6.70%,0.00%,0.20%,0.30%,4.00%,0.00%,111,"1,254","2,465","1,365","6,186",85.70%,3.20%,0.00%,0.50%,0.20%,10.40%,26
Ventnor City,Atlantic,2023,2,"3,907","9,220",68.30%,4.80%,14.20%,0.30%,8.90%,0.00%,0.40%,3.20%,"$74,619",10.30%,37.3,126,153,"7,813","4,537",58%,62%,38%,Yes,67,336,218,234,667,"1,127","1,475",674,608,"2,407","3,837",677,"1,207",278,229,239,"1,339",7,0,70.60%,22.00%,2.80%,2.30%,0.00%,0.00%,0.70%,0.00%,1.50%,511,"2,236","1,444",346,"4,191",68.20%,8.90%,8.40%,1.60%,1.20%,11.70%,24.3
Vernon Twp,Sussex,2023,67.6,154,"22,513",82.50%,3.00%,10.60%,0.00%,0.80%,0.00%,0.10%,3.10%,"$113,439",3.50%,26.7,321,371,"10,426","8,986",86%,92%,8%,,0,53,667,943,"2,560","2,981","1,485",877,261,599,"7,787",516,111,206,919,281,23,583,0,22.60%,12.90%,12.10%,47.60%,0.30%,2.60%,0.10%,1.40%,0.40%,185,"1,868","4,137","2,796","12,548",75.60%,5.70%,1.10%,0.40%,1.00%,16.20%,41.3
Verona Twp,Essex,2023,2.8,"2,142","14,441",82.70%,1.30%,7.60%,0.30%,3.60%,0.00%,0.00%,4.60%,"$159,044",5.00%,20.3,468,191,"5,997","5,840",97%,78%,22%,,11,276,230,33,207,765,450,"1,527",569,"1,929","3,717",149,346,194,248,129,"1,214",0,0,74.80%,15.70%,1.70%,6.20%,0.00%,0.00%,0.00%,0.60%,1.00%,351,"2,064","2,845",580,"7,194",61.10%,3.70%,11.70%,0.40%,1.20%,22.00%,33.1
Victory Gardens Boro,Morris,2023,0.1,"7,350","1,891",10.50%,5.80%,79.60%,0.00%,1.10%,0.00%,1.80%,1.20%,"$52,235",31.50%,50.1,44,25,735,715,97%,29%,71%,,0,7,3,76,164,116,58,93,174,44,168,143,109,50,61,68,86,50,0,70.30%,18.90%,2.40%,2.20%,0.00%,0.00%,0.00%,0.00%,6.20%,137,343,175,60,970,67.00%,16.10%,0.00%,0.00%,11.40%,5.50%,25.2
Vineland City,Cumberland,2023,68.4,338,"60,692",38.50%,11.10%,45.10%,0.10%,1.40%,0.00%,0.90%,3.00%,"$65,854",13.90%,50.3,43,"1,450","23,093","21,945",95%,69%,31%,,70,946,"2,474","1,838","2,457","4,074","3,184","3,478","1,604","2,968","15,338",927,"1,093","1,228",671,498,"1,708","1,630",0,73.50%,11.80%,2.50%,10.40%,0.00%,0.20%,0.00%,0.70%,0.90%,"1,540","6,647","8,354","5,404","25,102",81.10%,10.40%,0.80%,0.60%,2.00%,5.10%,24
Voorhees Twp,Camden,2023,11.5,"1,103","31,011",61.20%,7.80%,5.90%,0.00%,20.00%,0.10%,1.20%,3.70%,"$112,606",5.10%,27.4,309,549,"12,688","12,360",97%,63%,37%,,0,320,"1,478","1,618","4,421","2,579","1,292",594,92,294,"6,556","1,308",168,330,896,"1,363","2,061",0,6,72.30%,21.50%,3.10%,1.90%,0.20%,0.00%,0.10%,0.40%,0.40%,917,"4,240","4,793","2,410","15,096",67.10%,6.20%,5.10%,0.80%,1.00%,19.80%,31.3
Waldwick Boro,Bergen,2023,2,"1,743","10,090",72.90%,0.90%,17.00%,0.00%,7.50%,0.00%,0.50%,1.30%,"$155,526",2.20%,21.2,441,144,"3,486","3,434",99%,88%,12%,,13,259,21,143,99,251,478,"1,506",337,379,"2,766",246,309,29,0,0,136,0,0,84.50%,11.00%,0.80%,3.40%,0.00%,0.00%,0.00%,0.20%,0.00%,156,707,"1,847",724,"5,143",67.80%,3.00%,7.50%,1.70%,2.00%,18.00%,27.6
Wall Twp,Monmouth,2023,30.7,348,"26,477",86.80%,0.90%,6.80%,0.00%,1.80%,0.00%,0.50%,3.20%,"$138,049",4.00%,21.3,440,733,"10,689","10,261",96%,85%,15%,,39,344,899,"2,185","1,116","1,409","1,221","1,377",986,"1,113","8,660",538,100,205,214,284,580,108,0,89.40%,5.90%,0.70%,3.10%,0.00%,0.60%,0.00%,0.20%,0.20%,278,"2,687","4,205","3,091","13,492",72.10%,6.70%,1.00%,0.80%,2.50%,16.80%,28.5
Wallington Boro,Bergen,2023,1,"5,153","11,825",69.60%,3.90%,19.70%,0.00%,3.60%,0.00%,1.20%,2.00%,"$82,422",12.10%,36,144,193,"5,153","4,905",95%,39%,61%,,0,71,228,354,240,502,"1,240",862,622,"1,034","1,182",147,"1,786",558,417,594,469,0,0,81.40%,10.20%,2.60%,4.70%,0.00%,0.00%,0.00%,0.30%,0.80%,445,"2,024","1,934",502,"5,538",76.40%,6.00%,6.90%,2.50%,3.50%,4.70%,30
Walpack Twp,Sussex,2023,24.2,0,0,0.00%,0.00%,0.00%,0.00%,0.00%,0.00%,0.00%,0.00%,,0.00%,20.2,471,2,3,0,0%,0%,0%,Yes,0,0,0,0,3,0,0,0,0,0,3,0,0,0,0,0,0,0,0,0.00%,0.00%,0.00%,0.00%,0.00%,0.00%,0.00%,0.00%,0.00%,0,0,0,0,0,0.00%,0.00%,0.00%,0.00%,0.00%,0.00%,-
Wanaque Boro,Passaic,2023,8.1,546,"11,162",72.40%,2.70%,15.70%,0.30%,4.30%,0.00%,0.60%,4.10%,"$112,326",5.90%,29.1,264,124,"4,425","4,350",98%,79%,22%,,0,494,485,174,210,589,346,821,357,949,"2,679",340,585,108,42,35,636,0,0,89.00%,4.90%,1.00%,4.80%,0.00%,0.00%,0.00%,0.30%,0.00%,192,"1,367","1,932",859,"5,980",79.80%,7.10%,1.30%,2.10%,3.00%,6.70%,31.3
Wantage Twp,Sussex,2023,66.8,64,"10,897",87.90%,3.10%,6.70%,0.10%,0.00%,0.00%,0.20%,2.00%,"$103,672",6.60%,30,245,155,"4,289","4,073",95%,83%,17%,,22,188,712,389,607,909,458,405,263,336,"3,498",165,95,168,54,7,302,0,0,6.00%,16.10%,7.10%,63.90%,0.10%,6.10%,0.00%,0.70%,0.00%,117,"1,037","1,436","1,483","5,401",83.60%,7.80%,0.00%,0.40%,0.60%,7.70%,34.4
Warren Twp,Somerset,2023,19.6,293,"15,962",67.70%,3.30%,7.00%,0.10%,17.10%,0.00%,0.90%,4.10%,"$189,393",2.60%,18.5,509,219,"5,751","5,459",95%,88%,12%,,128,387,708,"1,066","1,100",458,808,604,174,318,"4,968",80,49,41,328,38,171,76,0,83.20%,9.70%,1.00%,4.90%,0.00%,0.70%,0.00%,0.40%,0.20%,97,839,"2,854","1,669","8,388",59.20%,5.80%,3.70%,0.30%,0.90%,30.10%,36
Washington Boro,Warren,2023,2,"1,562","7,287",72.50%,4.50%,15.50%,0.00%,1.80%,0.00%,0.40%,5.40%,"$79,280",11.50%,40.4,109,171,"3,124","3,047",98%,56%,44%,,0,210,412,85,174,267,281,416,151,"1,128","1,644",454,328,72,194,60,372,0,0,63.90%,22.70%,1.20%,9.10%,0.00%,0.00%,0.00%,2.60%,0.40%,223,"1,146","1,184",494,"3,626",77.50%,4.70%,2.30%,1.90%,0.40%,13.10%,36.5
Washington Twp (Bergen),Bergen,2023,3,"1,121","9,276",81.20%,1.80%,8.30%,0.10%,6.30%,0.00%,0.00%,2.50%,"$168,922",2.50%,19.3,489,23,"3,363","3,317",99%,94%,6%,,8,14,141,141,290,196,"1,107","1,099",267,100,"2,950",280,83,0,10,0,40,0,0,93.00%,3.10%,1.30%,2.50%,0.00%,0.00%,0.00%,0.00%,0.00%,24,685,"1,807",801,"4,618",70.80%,4.70%,4.50%,0.20%,1.30%,18.40%,29.6
Washington Twp (Burlington),Burlington,2023,101.7,3,540,88.10%,0.70%,6.70%,0.00%,0.90%,0.00%,0.00%,3.50%,"$85,417",4.70%,33.6,180,18,307,234,76%,77%,23%,,0,6,12,24,34,42,50,37,26,76,293,0,3,0,0,0,0,11,0,0.00%,21.80%,16.20%,51.70%,0.00%,8.50%,0.00%,1.70%,0.00%,8,99,53,74,207,87.00%,2.90%,0.00%,1.90%,0.00%,8.20%,32.4
Washington Twp (Gloucester),Gloucester,2023,21.3,884,"48,961",81.20%,6.20%,5.40%,0.00%,4.10%,0.00%,0.30%,2.90%,"$114,520",5.00%,26.8,317,846,"18,822","18,329",97%,83%,17%,,44,507,"1,752","2,842","5,455","4,206","2,608",844,379,185,"13,718","1,968",138,661,"1,040",262,883,152,0,86.10%,9.20%,1.20%,2.70%,0.00%,0.10%,0.40%,0.10%,0.10%,755,"5,264","8,226","4,084","25,187",73.90%,6.30%,1.20%,0.90%,0.90%,16.70%,30.2
Washington Twp (Morris),Morris,2023,44.6,145,"18,177",80.40%,1.60%,11.20%,0.00%,4.20%,0.00%,0.40%,2.30%,"$164,639",3.50%,19.1,492,194,"6,452","6,330",98%,90%,10%,,0,191,495,865,"1,558","1,519",907,309,149,459,"5,536",372,15,68,225,94,70,72,0,52.40%,6.60%,7.30%,30.80%,0.00%,1.60%,0.10%,1.20%,0.00%,114,"1,335","2,838","2,043","8,822",67.70%,3.30%,1.10%,1.10%,0.90%,25.90%,36.3
Washington Twp (Warren),Warren,2023,18,146,"6,597",77.20%,6.50%,7.30%,0.00%,6.60%,0.00%,0.00%,2.30%,"$131,250",5.30%,26.2,335,115,"2,619","2,567",98%,85%,15%,,0,70,433,257,364,463,218,285,154,375,"2,262",224,117,0,0,0,16,0,0,55.80%,6.20%,2.60%,31.60%,0.60%,2.20%,0.00%,0.00%,1.00%,97,619,"1,099",752,"3,512",79.30%,2.80%,2.10%,0.00%,0.50%,15.30%,35.3
Watchung Boro,Somerset,2023,6,405,"6,429",73.20%,1.30%,8.90%,0.00%,11.50%,0.00%,0.50%,4.60%,"$166,536",2.10%,20.2,475,94,"2,429","2,327",96%,87%,13%,,0,76,354,207,295,293,668,185,190,161,"1,903",105,17,0,108,116,180,0,0,87.80%,5.60%,1.80%,4.90%,0.00%,0.00%,0.00%,0.00%,0.00%,109,489,"1,201",528,"3,044",62.90%,1.10%,6.90%,1.30%,0.00%,27.80%,32
Waterford Twp,Camden,2023,36,108,"10,416",82.80%,2.30%,10.70%,0.00%,0.70%,0.00%,0.00%,3.50%,"$107,862",8.60%,36.7,134,137,"3,891","3,820",98%,86%,14%,,0,56,198,474,716,"1,132",423,366,191,335,"3,301",284,67,236,3,0,0,0,0,66.30%,12.90%,1.10%,17.90%,0.00%,0.20%,1.20%,0.30%,0.00%,62,942,"1,653","1,163","5,595",77.60%,9.10%,0.40%,0.40%,0.40%,12.10%,31.6
Wayne Twp,Passaic,2023,23.7,818,"53,729",72.60%,2.60%,12.40%,0.00%,8.90%,0.10%,0.80%,2.60%,"$151,561",3.00%,23.3,396,685,"19,396","18,697",96%,79%,21%,,23,207,"1,284","2,753","2,232","1,818","4,855","3,775","1,050","1,399","13,107","1,881",401,416,350,626,"2,427",188,0,86.70%,8.90%,1.30%,2.40%,0.20%,0.30%,0.00%,0.10%,0.20%,778,"5,227","7,578","5,114","27,434",68.40%,6.00%,5.30%,1.50%,0.30%,18.50%,30
Weehawken Twp,Hudson,2023,0.8,"11,749","16,946",41.00%,3.30%,36.10%,0.10%,15.70%,0.00%,0.80%,2.90%,"$122,653",6.40%,28.6,277,139,"9,399","8,176",87%,30%,70%,,235,"2,190",664,349,344,439,394,510,347,"3,927",820,498,"1,174","1,515",399,788,"4,168",37,0,65.80%,24.30%,3.80%,3.90%,0.00%,0.00%,0.00%,0.60%,1.60%,"1,712","4,643","1,516",305,"10,531",32.90%,2.20%,34.20%,5.30%,1.90%,23.50%,36.5
Wenonah Boro,Gloucester,2023,1,868,"2,248",90.60%,0.00%,1.40%,0.00%,1.00%,4.10%,0.00%,2.90%,"$130,473",2.10%,26.1,338,13,868,810,93%,91%,10%,,14,21,6,18,77,77,80,125,61,389,786,26,35,21,0,0,0,0,0,82.80%,3.70%,0.70%,11.70%,0.00%,0.50%,0.00%,0.50%,0.00%,4,155,370,281,"1,142",75.30%,5.00%,0.40%,1.50%,1.10%,16.60%,28.1
West Amwell Twp,Hunterdon,2023,21.6,57,"3,010",90.90%,2.80%,2.30%,0.10%,1.20%,0.00%,0.60%,2.20%,"$144,293",2.60%,21,450,72,"1,234","1,145",93%,85%,15%,,0,89,266,90,78,83,136,213,65,214,"1,183",7,32,6,6,0,0,0,0,25.50%,12.30%,23.10%,37.60%,0.00%,0.80%,0.00%,0.80%,0.00%,10,155,553,427,"1,697",76.50%,2.10%,0.80%,2.20%,0.70%,17.70%,26.5
West Caldwell Twp,Essex,2023,5.1,776,"10,897",78.50%,1.80%,10.70%,0.00%,3.50%,0.00%,0.40%,5.10%,"$154,439",2.70%,21.3,437,223,"3,956","3,917",99%,88%,12%,,0,103,80,189,213,166,"1,236",828,362,779,"3,374",69,157,45,8,41,244,18,0,91.10%,5.40%,0.00%,2.20%,0.00%,0.10%,0.10%,0.00%,1.10%,159,907,"2,072",779,"5,816",78.10%,3.30%,4.80%,0.50%,0.50%,12.80%,26.3
West Cape May Boro,Cape May,2023,1.2,860,934,87.20%,3.20%,9.40%,0.00%,0.00%,0.00%,0.00%,0.20%,"$79,375",4.70%,32.9,195,38,"1,032",444,43%,84%,16%,Yes,9,87,89,132,126,118,69,97,21,284,773,140,26,31,15,0,0,47,0,78.40%,18.20%,0.90%,2.00%,0.00%,0.00%,0.00%,0.00%,0.50%,21,183,166,74,443,46.50%,11.50%,0.90%,0.70%,18.70%,21.70%,13.7
West Deptford Twp,Gloucester,2023,15.4,628,"22,296",81.90%,5.50%,7.30%,0.00%,1.70%,0.00%,1.10%,2.50%,"$89,283",6.90%,32.5,203,314,"9,665","9,241",96%,73%,27%,,0,175,"1,770",815,"1,308","2,026","1,129","1,668",351,423,"5,429","1,291",116,323,533,539,"1,078",356,0,67.10%,20.80%,2.00%,9.10%,0.00%,0.30%,0.10%,0.40%,0.10%,506,"3,281","3,706","1,748","12,192",76.30%,5.40%,2.40%,1.00%,5.40%,9.50%,26.2
West Long Branch Boro,Monmouth,2023,2.9,"1,045","8,576",80.00%,5.50%,7.00%,0.10%,1.10%,0.00%,1.50%,4.90%,"$123,661",2.80%,29.4,258,167,"3,030","2,771",91%,72%,28%,,25,106,93,68,337,584,510,712,140,455,"2,223",179,105,110,12,87,314,0,0,82.20%,11.60%,1.00%,4.70%,0.00%,0.00%,0.50%,0.00%,0.00%,123,805,"1,095",748,"3,913",66.60%,3.70%,3.20%,5.40%,0.30%,20.70%,29.2
West Milford Twp,Passaic,2023,75.9,139,"24,634",83.70%,2.00%,9.70%,0.10%,1.60%,0.10%,0.20%,2.60%,"$123,930",3.20%,25.8,346,326,"10,522","9,799",93%,89%,11%,,15,123,703,"1,260","1,692","1,218","1,995","1,522",960,"1,034","8,804",628,144,88,30,38,790,0,0,46.90%,11.90%,8.20%,28.50%,1.10%,2.60%,0.00%,0.40%,0.30%,364,"2,203","4,223","3,009","12,606",72.20%,6.10%,1.80%,1.50%,0.30%,18.10%,40.9
West New York Town,Hudson,2023,1,"22,165","51,683",13.80%,1.80%,76.30%,0.00%,7.40%,0.00%,0.00%,0.70%,"$67,139",21.40%,52.3,33,808,"22,165","20,645",93%,22%,78%,,71,"1,603","2,572","1,485","1,117","2,175","3,056","2,736","2,016","5,334","1,035",986,"3,240","2,483","1,871","3,114","9,401",35,0,64.20%,25.40%,3.90%,3.60%,0.00%,0.10%,0.00%,0.90%,2.00%,"8,499","9,050","2,393",703,"27,010",28.20%,7.80%,39.50%,9.00%,2.20%,13.20%,35.5
West Orange Twp,Essex,2023,12,"1,523","48,276",41.90%,26.20%,21.70%,0.10%,5.30%,0.00%,0.90%,3.90%,"$131,645",7.20%,30.3,239,468,"18,277","17,440",95%,70%,30%,,0,633,832,"1,249","1,159","1,432","2,013","4,386","1,944","4,629","9,993","1,624","1,983","1,197",521,610,"2,234",51,64,78.60%,12.30%,2.70%,4.40%,0.00%,0.00%,0.00%,0.60%,1.40%,"1,345","6,250","7,464","2,381","25,204",55.30%,4.20%,15.40%,1.30%,3.80%,19.90%,36.5
West Wildwood Boro,Cape May,2023,0.3,"2,890",564,80.30%,3.00%,3.40%,0.00%,0.00%,0.00%,1.10%,12.20%,"$64,750",3.50%,54.6,24,10,867,275,32%,91%,9%,Yes,2,42,122,63,56,85,127,130,156,84,693,104,22,18,0,6,24,0,0,88.00%,10.90%,0.00%,0.00%,0.00%,0.00%,1.10%,0.00%,0.00%,6,138,111,20,174,78.20%,3.40%,1.70%,4.60%,0.00%,12.10%,19.7
West Windsor Twp,Mercer,2023,25.5,453,"29,791",35.00%,3.40%,8.00%,0.40%,50.10%,0.00%,0.30%,2.80%,"$190,100",7.70%,17.9,518,278,"11,563","11,283",98%,66%,34%,,50,"1,184","2,454","2,080","3,116","1,228",397,491,169,394,"6,543","1,022",76,425,508,"1,708","1,281",0,0,72.20%,24.20%,0.80%,2.90%,0.00%,0.00%,0.00%,0.00%,0.00%,681,"3,841","5,178","1,583","15,153",39.90%,5.00%,13.70%,1.00%,1.60%,38.80%,41.4
Westampton Twp,Burlington,2023,11,302,"9,133",46.30%,29.10%,11.60%,0.10%,6.40%,0.00%,0.40%,6.20%,"$123,750",1.80%,26.8,318,145,"3,326","3,282",99%,92%,8%,,82,157,668,691,656,478,301,222,35,36,"2,058",977,18,93,97,53,30,0,0,66.90%,21.40%,2.30%,9.20%,0.00%,0.00%,0.00%,0.20%,0.00%,37,640,"1,844",761,"5,178",80.60%,6.40%,1.10%,0.00%,0.90%,11.00%,31.2
Westfield Town,Union,2023,6.7,"1,656","30,760",76.50%,1.70%,8.60%,0.20%,8.70%,0.00%,0.70%,3.60%,"$212,700",2.10%,15.6,543,438,"11,093","10,676",96%,80%,20%,,119,641,534,581,504,464,"1,262","2,365",627,"3,996","8,618",274,974,431,117,105,554,20,0,86.80%,7.80%,0.90%,4.00%,0.20%,0.00%,0.10%,0.10%,0.10%,351,"2,448","5,307","2,570","14,766",49.70%,1.50%,12.30%,1.50%,1.00%,33.90%,36.2
Westville Boro,Gloucester,2023,1,"2,099","4,285",66.80%,16.90%,9.80%,0.20%,3.80%,0.00%,0.00%,2.60%,"$78,333",17.00%,49.8,45,132,"2,099","1,906",91%,61%,39%,,0,32,15,241,70,216,291,258,245,731,"1,193",200,312,150,94,63,87,0,0,65.80%,24.00%,0.00%,10.10%,0.00%,0.00%,0.20%,0.00%,0.00%,249,613,754,290,"2,263",68.90%,12.60%,6.90%,1.90%,1.60%,8.00%,29
Westwood Boro,Bergen,2023,2.3,"1,932","11,221",64.20%,2.60%,19.20%,0.00%,8.20%,0.00%,1.30%,4.50%,"$169,026",4.30%,22.6,409,276,"4,444","4,195",94%,66%,34%,,0,192,186,280,417,413,779,441,569,"1,167","2,924",17,263,295,154,184,594,13,0,79.10%,10.20%,1.60%,7.20%,0.00%,0.00%,0.30%,0.00%,1.60%,189,"1,329","1,592","1,085","6,572",61.20%,8.80%,4.80%,6.40%,1.20%,17.60%,28.8
Weymouth Twp,Atlantic,2023,11.8,135,"2,645",72.00%,7.50%,16.10%,0.00%,0.00%,0.00%,0.00%,4.50%,"$71,660",16.00%,41.9,90,32,"1,598","1,351",85%,87%,13%,,0,96,420,226,379,119,71,130,0,157,923,92,0,0,32,0,0,551,0,52.80%,8.20%,4.40%,30.10%,0.00%,0.00%,1.30%,3.10%,0.00%,75,541,395,340,981,84.30%,5.20%,0.00%,0.00%,3.00%,7.50%,35.2
Wharton Boro,Morris,2023,2.1,"1,392","7,254",44.80%,0.00%,51.10%,0.00%,0.80%,0.00%,1.50%,1.70%,"$92,548",18.80%,36.8,132,95,"2,923","2,923",100%,54%,47%,,0,171,116,158,461,438,527,232,80,740,"1,341",498,213,89,256,81,445,0,0,65.00%,17.20%,0.70%,15.40%,0.00%,0.00%,0.00%,0.30%,1.40%,158,"1,213","1,032",520,"3,909",74.40%,12.80%,1.60%,1.60%,1.50%,8.10%,30.6
White Twp,Warren,2023,27.4,82,"4,646",88.60%,2.00%,7.10%,0.00%,1.40%,0.00%,0.00%,0.90%,"$69,519",9.50%,32.2,207,86,"2,255","2,209",98%,74%,26%,,0,46,589,560,345,75,101,126,110,303,"1,538",22,58,0,13,200,286,138,0,33.30%,13.00%,10.10%,38.70%,0.00%,4.00%,0.00%,0.00%,1.00%,211,901,648,449,"1,877",78.90%,6.90%,1.90%,1.60%,3.00%,7.70%,36.8
Wildwood City,Cape May,2023,1.5,"4,413","5,140",57.80%,7.50%,31.70%,0.00%,0.20%,0.00%,0.00%,2.80%,"$51,996",18.10%,69.6,11,609,"6,619","2,609",39%,37%,63%,Yes,61,243,"1,549",299,676,558,410,583,235,"2,005","1,476","2,129",725,931,572,298,488,0,0,69.60%,25.10%,0.60%,0.00%,0.00%,0.00%,0.00%,0.00%,4.60%,694,"1,056",683,176,"2,336",50.90%,9.00%,2.10%,23.40%,6.50%,8.00%,21.5
Wildwood Crest Boro,Cape May,2023,1.3,"4,349","3,094",90.20%,0.80%,0.70%,0.00%,0.40%,0.00%,0.00%,7.80%,"$82,143",8.50%,44.8,61,132,"5,654","1,904",34%,79%,21%,Yes,45,171,"1,136",253,520,603,526,"1,170",245,985,"2,079","1,939",500,177,613,115,174,57,0,69.40%,28.20%,0.40%,0.60%,0.00%,0.00%,0.50%,0.90%,0.00%,136,836,774,158,"1,358",50.90%,19.20%,1.80%,9.80%,3.00%,15.20%,19.5
Willingboro Twp,Burlington,2023,7.7,"1,494","31,944",10.20%,66.10%,15.20%,0.00%,0.60%,0.00%,0.60%,7.40%,"$91,615",9.10%,39.6,113,192,"11,502","10,765",94%,82%,18%,,21,356,251,237,267,"1,182","5,884","2,616",368,320,"10,019",884,16,58,136,101,288,0,0,73.90%,20.40%,1.60%,1.70%,0.00%,0.50%,1.00%,0.10%,0.80%,276,"3,846","4,339","2,304","16,026",78.20%,8.10%,2.90%,0.00%,1.40%,9.40%,29.2
Winfield Twp,Union,2023,0.2,"3,845","1,487",81.20%,2.60%,12.80%,0.00%,0.00%,0.00%,0.30%,3.10%,"$62,275",7.20%,42.7,83,1,769,769,100%,25%,75%,,0,0,0,0,5,3,8,42,650,61,76,299,56,338,0,0,0,0,0,85.40%,13.30%,0.00%,0.00%,0.00%,0.00%,0.00%,0.00%,1.30%,113,339,247,70,780,75.90%,4.10%,4.70%,8.10%,2.40%,4.70%,24.4
Winslow Twp,Camden,2023,57.4,266,"39,899",45.80%,34.90%,10.90%,0.10%,2.70%,0.00%,1.30%,4.50%,"$95,064",10.40%,42.4,85,353,"15,240","14,436",95%,80%,20%,,296,677,"2,297","2,516","3,374","3,589",770,799,370,552,"10,738","2,480",284,236,169,562,607,164,0,74.40%,16.30%,1.80%,6.50%,0.00%,0.10%,0.40%,0.40%,0.20%,873,"4,216","5,990","3,357","20,123",76.20%,7.60%,4.00%,1.10%,1.00%,10.10%,32
Wood-ridge Boro,Bergen,2023,1.1,"3,535","10,094",53.30%,4.60%,18.80%,0.30%,21.60%,0.00%,0.70%,0.70%,"$131,412",6.50%,21.3,439,94,"3,888","3,821",98%,65%,35%,,62,815,267,55,332,197,345,682,321,812,"1,891",509,240,360,205,214,469,0,0,76.30%,19.80%,1.20%,1.10%,0.00%,0.00%,0.00%,0.70%,0.80%,228,"1,388","1,702",503,"5,786",65.10%,1.10%,17.00%,1.90%,2.10%,12.90%,32.6
Woodbine Boro,Cape May,2023,8,143,"2,083",45.10%,22.20%,25.50%,0.40%,0.20%,0.00%,0.00%,6.60%,"$45,179",26.40%,70.5,10,67,"1,141",789,69%,59%,41%,Yes,16,13,45,159,240,79,98,223,35,233,545,29,147,4,26,52,13,323,2,39.20%,24.20%,9.30%,20.70%,0.00%,0.30%,0.00%,6.10%,0.40%,52,205,413,119,771,87.00%,5.70%,1.20%,1.70%,3.40%,1.00%,22.1
Woodbridge Twp,Middlesex,2023,23.3,"1,594","103,428",37.70%,11.20%,23.50%,0.00%,24.10%,0.00%,0.50%,2.90%,"$108,347",6.80%,30.6,226,"1,221","37,130","36,149",97%,66%,35%,,256,"2,213","1,539","2,430","4,731","3,315","4,953","8,936","4,634","4,123","22,932","1,468","2,266",638,"1,507","3,833","4,072",405,9,80.60%,9.80%,1.80%,5.50%,0.20%,0.00%,0.40%,0.10%,1.60%,"2,052","13,386","14,068","6,643","51,475",67.30%,7.80%,8.30%,2.00%,2.10%,12.40%,33
Woodbury City,Gloucester,2023,2,"2,296","9,992",51.30%,21.10%,17.10%,0.00%,1.60%,0.00%,1.20%,7.70%,"$74,769",13.90%,46.7,50,290,"4,591","4,053",88%,65%,35%,,0,49,85,72,348,317,263,929,920,"1,608","2,962",167,355,220,207,120,553,7,0,67.40%,15.30%,1.40%,13.80%,0.00%,0.00%,0.70%,0.00%,1.40%,668,"1,557","1,226",602,"4,686",69.20%,8.90%,5.70%,2.20%,2.50%,11.60%,24.8
Woodbury Heights Boro,Gloucester,2023,1.2,930,"3,116",86.50%,1.30%,7.20%,0.10%,1.50%,0.00%,0.10%,3.40%,"$130,101",5.20%,26.1,339,100,"1,116","1,081",97%,95%,5%,,0,5,58,4,90,166,356,150,75,212,"1,052",24,30,10,0,0,0,0,0,85.40%,4.60%,1.20%,7.50%,0.00%,0.70%,0.60%,0.00%,0.00%,15,237,457,372,"1,627",82.60%,5.50%,1.80%,0.90%,2.50%,6.70%,25
Woodcliff Lake Boro,Bergen,2023,3.4,653,"6,097",73.70%,1.20%,8.00%,0.00%,9.00%,0.00%,5.50%,2.70%,"$211,233",2.10%,14.4,549,56,"2,221","2,123",96%,89%,11%,,23,136,274,266,228,151,479,340,139,185,"1,870",74,52,0,0,97,128,0,0,84.00%,12.60%,0.00%,1.60%,0.00%,0.40%,0.20%,0.00%,1.20%,146,278,"1,070",629,"2,694",60.10%,4.20%,6.30%,0.70%,4.80%,23.90%,30.5
Woodland Park Boro,Passaic,2023,2.9,"1,906","13,284",55.40%,4.90%,32.00%,0.00%,5.40%,0.10%,0.00%,2.30%,"$85,638",6.10%,34.7,165,250,"5,527","5,383",97%,61%,39%,,0,570,586,119,859,469,"1,152","1,111",243,418,"1,540",748,"1,472",188,730,617,232,0,0,82.20%,9.50%,1.30%,4.20%,0.00%,0.00%,1.20%,0.30%,1.30%,384,"2,042","2,025",932,"6,431",74.70%,9.80%,2.40%,1.90%,0.80%,10.40%,22.7
Woodland Twp,Burlington,2023,92.6,5,"1,528",78.70%,2.60%,13.00%,0.00%,3.90%,0.00%,0.00%,1.80%,"$149,375",19.90%,40.4,107,26,499,458,92%,87%,13%,,0,7,81,38,142,94,55,42,11,29,453,21,0,16,9,0,0,0,0,0.90%,7.00%,19.20%,60.30%,0.00%,6.80%,0.70%,5.20%,0.00%,16,67,122,253,647,75.90%,2.50%,0.00%,0.60%,2.30%,18.70%,38.8
Woodlynne Boro,Camden,2023,0.2,"5,365","2,899",16.80%,26.30%,46.00%,0.00%,7.00%,0.00%,3.00%,1.00%,"$71,635",15.90%,68,14,33,"1,073",853,79%,53%,47%,,0,0,0,4,36,3,110,178,106,636,358,536,111,46,22,0,0,0,0,65.50%,15.50%,4.50%,13.10%,0.00%,0.00%,0.00%,0.00%,1.40%,134,280,259,180,"1,266",74.80%,10.40%,6.50%,0.00%,4.30%,3.90%,21.7
Woodstown Boro,Salem,2023,1.6,"1,003","3,690",78.10%,2.60%,13.50%,0.10%,0.00%,0.00%,0.00%,5.80%,"$101,855",7.50%,35.6,147,88,"1,604","1,352",84%,62%,38%,,10,30,113,154,179,158,165,264,133,398,"1,000",62,126,19,120,119,50,108,0,63.80%,13.40%,1.80%,20.10%,0.00%,0.00%,0.00%,0.80%,0.00%,61,467,557,267,"1,739",74.30%,5.70%,0.00%,2.50%,0.30%,17.30%,27.2
Woolwich Twp,Gloucester,2023,21.1,205,"13,056",73.20%,14.60%,4.40%,0.10%,5.50%,0.00%,0.00%,2.30%,"$155,808",7.60%,23.7,391,94,"4,316","4,167",97%,80%,20%,,76,"1,067","2,145",523,164,84,60,41,54,102,"3,157",340,29,235,138,345,72,0,0,86.90%,7.10%,1.40%,3.60%,0.00%,0.10%,0.80%,0.00%,0.00%,42,934,"2,158","1,033","6,384",66.40%,8.10%,1.40%,1.00%,0.70%,22.30%,30
Wrightstown Boro,Burlington,2023,1.9,128,522,43.70%,36.20%,12.10%,0.00%,3.30%,0.00%,0.40%,4.40%,"$52,222",15.30%,48.9,46,36,244,214,88%,44%,56%,,0,1,21,17,36,55,46,33,10,25,101,7,13,22,80,9,9,0,3,48.10%,25.70%,0.00%,26.20%,0.00%,0.00%,0.00%,0.00%,0.00%,29,93,45,47,225,76.00%,5.80%,0.00%,10.20%,0.00%,8.00%,27.3
Wyckoff Twp,Bergen,2023,6.6,951,"16,866",85.50%,0.80%,6.90%,0.10%,5.30%,0.00%,0.00%,1.50%,"$196,632",2.40%,18.27,511,160,"6,278","5,897",94%,91%,9%,,42,309,370,444,617,523,"1,607","1,308",332,726,"5,387",452,155,21,73,18,172,0,0,91.90%,5.20%,0.70%,2.10%,0.00%,0.00%,0.00%,0.20%,0.00%,121,"1,309","2,943","1,524","7,745",62.80%,4.40%,6.30%,1.20%,0.30%,25.10%,31.6